Device Name,WEATHER - 2562920,,,,,,,,,,,,,,,,,,,,,,,,,
Device Model,5500L,,,,,,,,,,,,,,,,,,,,,,,,,
Serial Number,2562920,,,,,,,,,,,,,,,,,,,,,,,,,
FORMATTED DATE_TIME,Temperature,Wet Bulb Temp,Relative Humidity,Barometric Pressure,Altitude,Station Pressure,Wind Speed,Heat Index,Dew Point,Density Altitude,Crosswind,Headwind,Compass Magnetic Direction,Compass True Direction,Wind Chill,,,,,,,,,,,
"MMM d, yyyy HH:mm:ss",°F,°F,%,inHg,ft,inHg,mph,°F,°F,ft,mph,mph,Deg,Deg,°F,Data Type,Record name,Start time,Duration (H:M:S),Location description,Location address,Location coordinates,Notes,,,
9/7/2021 15:56,90.9,82.2,69.4,29.85,54,29.85,0,109.9,79.4,2532,0,0,247,247,90.9,point,,,,,,,,,,
9/7/2021 15:56,89,79.9,67.5,29.85,51,29.86,0.9,102.9,76.8,2384,0.9,0.1,273,273,88.9,point,,,,,,,,,,
9/7/2021 15:57,87.9,79,67.6,29.85,54,29.86,1.4,99.9,75.9,2306,1.4,0.1,273,273,87.8,point,,,,,,,,,,
9/7/2021 15:57,88.7,80.2,69.8,29.85,54,29.86,0,103.1,77.6,2372,0,0,273,273,88.5,point,,,,,,,,,,
9/7/2021 15:58,89.4,80.8,69,29.85,54,29.85,0,104.9,77.9,2424,0,0,273,273,89.2,point,,,,,,,,,,
9/7/2021 15:58,89.1,79.7,66.8,29.85,54,29.86,0,102.9,76.6,2384,0,0,273,273,89.1,point,,,,,,,,,,
9/7/2021 15:59,88.8,79.3,66.4,29.85,51,29.86,1.6,101.7,76.1,2357,1.6,0.1,273,273,88.7,point,,,,mean temp,,mean WS,,mean HUM,,mean WD
9/7/2021 15:59,88.8,79.3,66.3,29.85,54,29.86,0,101.7,76.1,2354,0,0,273,273,88.7,point,,,,83.23061728,,0.075308642,,72.31765432,,247.5469136
9/7/2021 16:00,90.1,80.4,66.5,29.85,54,29.86,0,105.4,77.4,2457,0,0,273,273,90,point,,,,,,,,,,
9/7/2021 16:00,90.6,81,66.9,29.85,54,29.86,0,107.2,78.1,2494,0,0,273,274,90.5,point,,,,,,,,,,
9/7/2021 16:01,89.4,80.2,67.8,29.85,51,29.86,0,104.5,77.4,2414,0,0,272,273,89.4,point,,,,,,,,,,
9/7/2021 16:01,90.8,82,69.2,29.86,51,29.86,0,109.2,79.3,2522,0,0,272,273,90.7,point,,,,,,,,,,
9/7/2021 16:02,91.4,81.9,67.2,29.85,51,29.86,0,110.1,79,2557,0,0,273,273,91.4,point,,,,,,,,,,
9/7/2021 16:02,91.5,82.2,67.7,29.86,51,29.86,1,110.3,79.3,2567,1,0.1,273,273,91.4,point,,,,,,,,,,
9/7/2021 16:03,88,78.4,65.7,29.85,54,29.85,0,98.8,75,2299,0,0,272,273,87.8,point,,,,,,,,,,
9/7/2021 16:03,91,81.1,65.9,29.85,54,29.85,0,107.8,78,2519,0,0,273,273,90.9,point,,,,,,,,,,
9/7/2021 16:04,89.9,80.2,66.2,29.85,54,29.85,0,104.7,77.1,2444,0,0,272,273,89.8,point,,,,,,,,,,
9/7/2021 16:04,92.1,82.6,67.4,29.85,51,29.86,0,111.7,79.7,2607,0,0,273,273,91.9,point,,,,,,,,,,
9/7/2021 16:05,90.8,80.4,64.4,29.85,54,29.85,0,106.2,77.1,2494,0,0,273,273,90.7,point,,,,,,,,,,
9/7/2021 16:05,90.8,81.1,66.4,29.85,54,29.86,1.4,107.6,78,2502,1.4,0.1,273,274,90.7,point,,,,,,,,,,
9/7/2021 16:06,87.6,79,68.8,29.85,54,29.86,0,99.5,76.1,2286,0,0,273,273,87.4,point,,,,,,,,,,
9/7/2021 16:06,87.6,79.9,71.6,29.85,51,29.86,0,101.3,77.3,2304,0,0,272,273,87.6,point,,,,,,,,,,
9/7/2021 16:07,88.8,81,71.5,29.85,51,29.86,1.1,104.4,78.4,2397,1.1,0.1,273,273,88.7,point,,,,,,,,,,
9/7/2021 16:07,87.8,79.7,70.7,29.85,51,29.86,0,100.9,77.1,2311,0,0,246,246,87.6,point,,,,,,,,,,
9/7/2021 16:08,87.4,79.3,70.5,29.85,51,29.86,0,99.9,76.6,2279,0,0,247,247,87.3,point,,,,,,,,,,
9/7/2021 16:08,88.3,80.1,70.2,29.85,51,29.86,0,102.2,77.4,2344,0,0,245,246,88.2,point,,,,,,,,,,
9/7/2021 16:09,89.9,81,68.5,29.86,51,29.86,0,106,78.1,2449,0,0,246,247,89.8,point,,,,,,,,,,
9/7/2021 16:09,88.5,80.1,69.3,29.86,51,29.86,0,102.7,77.2,2352,0,0,247,247,88.5,point,,,,,,,,,,
9/7/2021 16:10,87.3,78.8,69.3,29.85,51,29.86,0,99.3,76,2261,0,0,247,247,87.3,point,,,,,,,,,,
9/7/2021 16:10,87.2,79.5,71.8,29.86,51,29.86,0,100,77,2274,0,0,246,247,87.1,point,,,,,,,,,,
9/7/2021 16:11,86.9,79.5,72.5,29.85,51,29.86,0,100,77,2259,0,0,247,247,86.9,point,,,,,,,,,,
9/7/2021 16:11,86.8,79.5,72.5,29.85,51,29.86,0,99.5,76.9,2251,0,0,247,247,86.7,point,,,,,,,,,,
9/7/2021 16:12,88.3,80.6,72.2,29.86,51,29.86,1.5,103.1,78.2,2352,1.4,-0.6,248,249,88.2,point,,,,,,,,,,
9/7/2021 16:12,87.1,79.5,72.2,29.86,51,29.86,0,100.2,77,2264,0,0,247,247,87.1,point,,,,,,,,,,
9/7/2021 16:13,87.8,80.2,72.1,29.85,51,29.86,0,101.7,77.6,2316,0,0,245,246,87.6,point,,,,,,,,,,
9/7/2021 16:13,88.8,81.1,72.2,29.86,51,29.86,0,104.7,78.7,2389,0,0,246,247,88.7,point,,,,,,,,,,
9/7/2021 16:14,90.6,82.8,72,29.86,51,29.86,0,110.5,80.3,2522,0,0,246,247,90.5,point,,,,,,,,,,
9/7/2021 16:14,86.8,79.2,71.8,29.86,51,29.86,0,99.1,76.6,2241,0,0,246,246,86.7,point,,,,,,,,,,
9/7/2021 16:15,88.2,80.2,71.2,29.86,51,29.86,0,102.6,77.6,2336,0,0,246,247,88.2,point,,,,,,,,,,
9/7/2021 16:15,89,80.8,70.7,29.86,49,29.86,0,104.5,78.3,2399,0,0,246,247,88.9,point,,,,,,,,,,
9/7/2021 16:16,90.4,82,70.5,29.86,49,29.86,0,108.9,79.4,2497,0,0,245,246,90.3,point,,,,,,,,,,
9/7/2021 16:16,89.9,81.5,70.6,29.86,51,29.86,0,107.2,79.1,2469,0,0,246,246,89.8,point,,,,,,,,,,
9/7/2021 16:17,87.9,79.9,70.7,29.85,51,29.86,0,101.3,77.2,2324,0,0,246,246,87.8,point,,,,,,,,,,
9/7/2021 16:17,88.5,80.2,70.2,29.86,51,29.86,0.8,102.7,77.6,2359,0.8,-0.3,249,250,88.3,point,,,,,,,,,,
9/7/2021 16:18,86.7,78.6,70,29.86,51,29.86,0.8,98.4,75.8,2224,0.7,-0.3,250,250,86.7,point,,,,,,,,,,
9/7/2021 16:18,86.7,78.6,70,29.85,51,29.86,0,97.9,75.7,2224,0,0,247,247,86.5,point,,,,,,,,,,
9/7/2021 16:19,88.3,80.1,70.2,29.85,51,29.86,0,102,77.3,2341,0,0,246,246,88.2,point,,,,,,,,,,
9/7/2021 16:19,90,81.5,70.2,29.86,49,29.86,0,107.6,79,2467,0,0,245,246,90,point,,,,,,,,,,
9/7/2021 16:20,89.8,81.3,69.9,29.85,51,29.86,0,106.9,78.7,2457,0,0,246,247,89.8,point,,,,,,,,,,
9/7/2021 16:20,90.6,82,70,29.85,51,29.86,0,109,79.4,2514,0,0,245,246,90.5,point,,,,,,,,,,
9/7/2021 16:21,90.6,82,70,29.85,51,29.86,0,109,79.4,2514,0,0,247,247,90.5,point,,,,,,,,,,
9/7/2021 16:21,89,80.6,70,29.85,54,29.86,0,104.2,77.9,2394,0,0,246,247,88.9,point,,,,,,,,,,
9/7/2021 16:22,89.1,80.6,70.2,29.85,51,29.86,0,104.9,78.1,2399,0,0,245,246,89.1,point,,,,,,,,,,
9/7/2021 16:22,88,79.9,70.3,29.86,51,29.86,0,101.7,77.1,2316,0,0,247,248,88,point,,,,,,,,,,
9/7/2021 16:23,87.2,79,70.1,29.86,51,29.86,0,99.1,76.3,2259,0,0,246,246,87.1,point,,,,,,,,,,
9/7/2021 16:23,88.4,79.9,69.7,29.85,54,29.86,0,102.4,77.2,2352,0,0,246,247,88.3,point,,,,,,,,,,
9/7/2021 16:24,89.8,81.1,69.3,29.85,54,29.86,0,106.5,78.4,2449,0,0,245,245,89.8,point,,,,,,,,,,
9/7/2021 16:24,87.2,78.6,68.9,29.86,51,29.86,0,98.8,75.7,2249,0,0,247,248,87.1,point,,,,,,,,,,
9/7/2021 16:25,87.7,79.2,68.7,29.86,51,29.86,0,99.9,76.2,2294,0,0,245,246,87.6,point,,,,,,,,,,
9/7/2021 16:25,88.7,80.1,68.7,29.85,58,29.85,0,103.1,77.1,2372,0,0,247,247,88.7,point,,,,,,,,,,
9/7/2021 16:26,87,78.4,68.6,29.85,54,29.86,0,98.1,75.4,2239,0,0,247,247,86.9,point,,,,,,,,,,
9/7/2021 16:26,88.9,80.1,68.6,29.85,54,29.86,0,103.5,77.2,2382,0,0,245,245,88.9,point,,,,,,,,,,
9/7/2021 16:27,88.1,79.5,69,29.85,54,29.86,0,101.1,76.6,2324,0,0,246,247,88,point,,,,,,,,,,
9/7/2021 16:27,89.3,80.6,69.4,29.85,54,29.85,0,105.1,78,2414,0,0,247,247,89.2,point,,,,,,,,,,
9/7/2021 16:28,91.7,82.8,69.2,29.85,54,29.85,0,111.9,80.1,2589,0,0,245,246,91.6,point,,,,,,,,,,
9/7/2021 16:28,89.9,81,68.5,29.86,51,29.86,0.7,106.2,78.2,2457,0.7,-0.3,247,248,89.8,point,,,,,,,,,,
9/7/2021 16:29,91.3,82,68.1,29.85,54,29.86,0,110.1,79.2,2549,0,0,247,247,91.2,point,,,,,,,,,,
9/7/2021 16:29,88.7,79.7,68,29.85,54,29.86,0,102.6,76.8,2364,0,0,247,247,88.7,point,,,,,,,,,,
9/7/2021 16:30,88.8,79.9,68,29.85,54,29.85,0,102.6,76.9,2375,0,0,247,248,88.7,point,,,,,,,,,,
9/7/2021 16:30,90.4,81.3,68.1,29.85,51,29.86,0,107.4,78.4,2484,0,0,246,246,90.3,point,,,,,,,,,,
9/7/2021 16:31,91.8,82.6,67.9,29.85,54,29.86,0,111.6,79.7,2592,0,0,245,246,91.8,point,,,,,,,,,,
9/7/2021 16:31,92.6,83.3,68,29.85,54,29.85,0,113.7,80.4,2652,0,0,246,247,92.5,point,,,,,,,,,,
9/7/2021 16:32,93.4,84,68.3,29.85,54,29.86,0,116.1,81.3,2708,0,0,245,245,93.4,point,,,,,,,,,,
9/7/2021 16:32,93.7,84.4,68.2,29.85,54,29.85,0,117.1,81.6,2738,0,0,246,246,93.6,point,,,,,,,,,,
9/7/2021 16:33,94.1,84.7,68.2,29.85,54,29.85,0,118.2,82,2761,0,0,246,246,93.9,point,,,,,,,,,,
9/7/2021 16:33,90,81,68.3,29.85,54,29.85,0,106.5,78.1,2459,0,0,247,247,90,point,,,,,,,,,,
9/7/2021 16:34,92,82.8,68.3,29.85,54,29.85,0,112.5,80.1,2614,0,0,246,246,91.9,point,,,,,,,,,,
9/7/2021 16:34,88.3,79.3,68,29.85,54,29.85,0,100.9,76.4,2336,0,0,246,247,88.2,point,,,,,,,,,,
9/7/2021 16:35,86.7,77.7,67.6,29.86,51,29.86,0,97,74.7,2209,0,0,246,246,86.5,point,,,,,,,,,,
9/7/2021 16:35,87,78.1,67.2,29.85,54,29.86,0,97.7,74.8,2234,0,0,247,247,86.9,point,,,,,,,,,,
9/7/2021 16:36,86.9,77.7,66.9,29.85,58,29.85,0.7,97.2,74.5,2224,0.7,-0.3,247,248,86.7,point,,,,,,,,,,
9/7/2021 16:36,86.9,77.7,66.6,29.85,54,29.86,1.1,97,74.4,2219,1.1,-0.4,247,248,86.7,point,,,,,,,,,,
9/7/2021 16:37,87.2,77.7,66.2,29.85,54,29.86,0.9,97.5,74.5,2239,0.8,-0.3,248,248,87.1,point,,,,,,,,,,
9/7/2021 16:37,87.4,77.9,66,29.85,54,29.86,0,97.9,74.6,2251,0,0,245,246,87.3,point,,,,,,,,,,
9/7/2021 16:38,88.8,79.2,65.9,29.85,54,29.85,0,101.5,75.9,2362,0,0,246,246,88.7,point,,,,,,,,,,
9/7/2021 16:38,88.1,78.6,65.7,29.85,54,29.85,0,99.3,75.2,2309,0,0,246,246,88,point,,,,,,,,,,
9/7/2021 16:39,88,78.4,65.7,29.85,58,29.85,0,99.5,75.1,2304,0,0,245,246,88,point,,,,,,,,,,
9/7/2021 16:39,87.3,77.7,65.8,29.85,51,29.86,0,97.9,74.4,2249,0,0,247,247,87.3,point,,,,,,,,,,
9/7/2021 16:40,87.2,77.5,65.7,29.85,54,29.86,0,97.3,74.3,2234,0,0,245,246,87.1,point,,,,,,,,,,
9/7/2021 16:40,88.6,78.8,65.6,29.86,51,29.86,0,100.8,75.6,2339,0,0,245,246,88.5,point,,,,,,,,,,
9/7/2021 16:41,89.3,79.5,65.4,29.85,51,29.86,0,102.7,76.2,2389,0,0,246,246,89.2,point,,,,,,,,,,
9/7/2021 16:41,87.4,77.7,65.3,29.85,54,29.86,0,97.5,74.3,2246,0,0,246,246,87.3,point,,,,,,,,,,
9/7/2021 16:42,87.9,78.3,65.3,29.86,51,29.86,0,98.6,74.8,2279,0,0,245,245,87.8,point,,,,,,,,,,
9/7/2021 16:42,87.2,77.7,65.5,29.85,51,29.86,0,97.2,74.2,2234,0,0,245,246,87.1,point,,,,,,,,,,
9/7/2021 16:43,88.8,79.2,65.7,29.86,49,29.86,0,101.3,75.8,2357,0,0,246,246,88.7,point,,,,,,,,,,
9/7/2021 16:43,88.5,79,66,29.85,51,29.86,0,100.9,75.7,2336,0,0,247,247,88.5,point,,,,,,,,,,
9/7/2021 16:44,90.3,80.6,66.1,29.85,51,29.86,0,106.2,77.5,2469,0,0,245,246,90.3,point,,,,,,,,,,
9/7/2021 16:44,89.6,80.1,66.2,29.86,49,29.86,0,104.2,76.8,2412,0,0,246,247,89.6,point,,,,,,,,,,
9/7/2021 16:45,87.4,77.9,66,29.85,51,29.86,0,97.9,74.6,2251,0,0,246,246,87.3,point,,,,,,,,,,
9/7/2021 16:45,88,78.4,66.1,29.86,51,29.86,0,99.7,75.3,2294,0,0,247,247,88,point,,,,,,,,,,
9/7/2021 16:46,90.8,81,66,29.86,49,29.86,0,107.2,77.8,2497,0,0,245,246,90.7,point,,,,,,,,,,
9/7/2021 16:46,92.9,82.8,66.2,29.86,46,29.86,0,113.5,79.9,2649,0,0,246,247,92.8,point,,,,,,,,,,
9/7/2021 16:47,87.5,78.1,66.2,29.86,49,29.86,0,98.4,74.8,2256,0,0,246,246,87.4,point,,,,,,,,,,
9/7/2021 16:47,89.9,80.2,66.1,29.86,46,29.86,0,104.7,77.1,2434,0,0,245,246,89.8,point,,,,,,,,,,
9/7/2021 16:48,90.1,80.4,66.1,29.86,51,29.86,0,105.3,77.3,2449,0,0,246,247,90,point,,,,,,,,,,
9/7/2021 16:48,89.7,80.1,66,29.86,49,29.86,1.4,104,76.8,2419,1.3,-0.6,246,247,89.6,point,,,,,,,,,,
9/7/2021 16:49,91.2,81.3,65.9,29.86,49,29.86,0,108.1,78.2,2529,0,0,245,245,91,point,,,,,,,,,,
9/7/2021 16:49,90.4,80.8,66,29.86,49,29.86,0,106.2,77.5,2472,0,0,247,247,90.3,point,,,,,,,,,,
9/7/2021 16:50,88,78.4,65.5,29.86,49,29.86,0,99.3,75,2289,0,0,246,247,88,point,,,,,,,,,,
9/7/2021 16:50,88.4,78.6,65.3,29.86,51,29.86,0,100.2,75.3,2319,0,0,245,246,88.3,point,,,,,,,,,,
9/7/2021 16:51,88,78.3,65.1,29.86,49,29.86,0,99.1,74.8,2289,0,0,246,246,88,point,,,,,,,,,,
9/7/2021 16:51,87.7,77.9,65,29.86,46,29.86,0,98.2,74.5,2264,0,0,246,247,87.6,point,,,,,,,,,,
9/7/2021 16:52,87.7,77.9,65,29.86,49,29.86,0,98.2,74.5,2266,0,0,248,248,87.6,point,,,,,,,,,,
9/7/2021 16:52,90.1,80.1,65,29.87,46,29.87,0,105.1,76.8,2439,0,0,244,245,90.1,point,,,,,,,,,,
9/7/2021 16:53,87.7,78.1,65.3,29.86,49,29.86,0,98.2,74.6,2266,0,0,247,248,87.6,point,,,,,,,,,,
9/7/2021 16:53,86.9,77.4,65.4,29.86,49,29.86,0,96.4,73.9,2206,0,0,246,247,86.7,point,,,,,,,,,,
9/7/2021 16:54,89.7,80.1,65.8,29.86,49,29.86,0,104,76.7,2417,0,0,245,245,89.6,point,,,,,,,,,,
9/7/2021 16:54,89.2,79.5,65.4,29.86,49,29.86,1.2,102.4,76.1,2375,1.1,-0.5,247,247,89.1,point,,,,,,,,,,
9/7/2021 16:55,90.1,80.1,65.3,29.86,46,29.86,0,104.7,76.9,2439,0,0,245,245,90,point,,,,,,,,,,
9/7/2021 16:55,91.9,81.9,65.4,29.86,49,29.86,0,109.9,78.7,2577,0,0,246,247,91.8,point,,,,,,,,,,
9/7/2021 16:56,92.1,81.9,65.2,29.86,46,29.86,0,110.8,78.8,2589,0,0,246,246,92.1,point,,,,,,,,,,
9/7/2021 16:56,92,81.9,65.2,29.86,49,29.86,0,110.1,78.6,2584,0,0,245,246,91.9,point,,,,,,,,,,
9/7/2021 16:57,90.3,80.6,65.7,29.86,46,29.86,0,105.8,77.3,2464,0,0,246,246,90.3,point,,,,,,,,,,
9/7/2021 16:57,89.8,80.1,65.9,29.87,42,29.87,0,104,76.8,2417,0,0,246,246,89.6,point,,,,,,,,,,
9/7/2021 16:58,91.3,81.5,66.2,29.86,46,29.86,0,108.9,78.5,2537,0,0,245,245,91.2,point,,,,,,,,,,
9/7/2021 16:58,94,84,66.4,29.86,46,29.86,0,117,81.1,2738,0,0,246,246,93.9,point,,,,,,,,,,
9/7/2021 16:59,92.5,82.6,66.2,29.86,49,29.86,1,112.5,79.6,2627,0.9,-0.4,247,248,92.5,point,,,,,,,,,,
9/7/2021 16:59,91.3,81.3,65.7,29.86,49,29.86,1.7,108.7,78.2,2542,1.6,-0.7,247,247,91.2,point,,,,,,,,,,
9/7/2021 17:00,93,82.8,65.4,29.86,46,29.86,0.8,113.5,79.7,2657,0.7,-0.3,246,246,93,point,,,,,,,,,,
9/7/2021 17:00,90.4,80.4,65.4,29.86,46,29.86,0,105.8,77.2,2462,0,0,246,246,90.3,point,,,,,,,,,,
9/7/2021 17:01,92.6,82.6,65.8,29.86,46,29.86,0.9,112.3,79.5,2632,0.9,-0.3,248,248,92.5,point,,,,,,,,,,
9/7/2021 17:01,91.1,81,65,29.86,49,29.86,1,107.6,77.7,2517,1,-0.4,247,248,91,point,,,,,,,,,,
9/7/2021 17:02,91.2,81,64.4,29.86,46,29.86,0,107.2,77.5,2512,0,0,245,246,91,point,,,,,,,,,,
9/7/2021 17:02,91.6,81.1,64.2,29.86,46,29.86,0,108.7,77.8,2544,0,0,246,246,91.6,point,,,,,,,,,,
9/7/2021 17:03,91.2,81,64.4,29.87,46,29.87,0,107.8,77.5,2512,0,0,246,247,91.2,point,,,,,,,,,,
9/7/2021 17:03,89.4,79.2,64.2,29.87,42,29.87,1.4,102.2,75.7,2377,1.3,-0.5,247,247,89.2,point,,,,,,,,,,
9/7/2021 17:04,89.6,79.2,63.8,29.87,46,29.87,0,102.7,75.7,2394,0,0,245,245,89.6,point,,,,,,,,,,
9/7/2021 17:04,91.7,80.8,63.3,29.87,42,29.87,0,108,77.4,2537,0,0,246,247,91.6,point,,,,,,,,,,
9/7/2021 17:05,90.1,79.3,62.8,29.87,42,29.87,0,103.3,75.7,2422,0,0,245,246,90,point,,,,,,,,,,
9/7/2021 17:05,92.9,81.7,62.7,29.86,49,29.86,0,111,78.2,2629,0,0,245,246,92.8,point,,,,,,,,,,
9/7/2021 17:06,93,81.7,62.1,29.87,42,29.87,0,111,78.1,2632,0,0,244,245,93,point,,,,,,,,,,
9/7/2021 17:06,92.1,80.6,61.3,29.87,42,29.87,0,107.6,76.9,2554,0,0,245,246,91.9,point,,,,,,,,,,
9/7/2021 17:07,91,79.7,61.3,29.87,42,29.87,2.2,104.9,75.8,2474,2,-0.8,247,247,90.9,point,,,,,,,,,,
9/7/2021 17:07,91.9,80.2,60.7,29.87,41,29.87,0,106.7,76.4,2537,0,0,247,247,91.8,point,,,,,,,,,,
9/7/2021 17:08,88.2,76.8,60.4,29.87,42,29.87,0,97.3,72.7,2261,0,0,246,246,88.2,point,,,,,,,,,,
9/7/2021 17:08,86.9,75.7,60.4,29.87,42,29.87,0,94.5,71.5,2171,0,0,245,246,86.9,point,,,,,,,,,,
9/7/2021 17:09,88.3,76.8,60.1,29.87,46,29.87,0,97.2,72.7,2276,0,0,247,247,88.2,point,,,,,,,,,,
9/7/2021 17:09,87.5,76.3,60,29.87,46,29.87,0,95.5,71.9,2219,0,0,247,247,87.4,point,,,,,,,,,,
9/7/2021 17:10,86.5,75.2,59.9,29.87,42,29.87,1.5,93.2,71,2144,1.4,-0.6,247,247,86.4,point,,,,,,,,,,
9/7/2021 17:10,86.2,74.8,59.6,29.87,46,29.87,0,92.8,70.5,2121,0,0,249,249,86.2,point,,,,,,,,,,
9/7/2021 17:11,88.4,76.8,59.6,29.87,42,29.87,0,97.3,72.6,2281,0,0,246,247,88.3,point,,,,,,,,,,
9/7/2021 17:11,91.5,79.5,59.5,29.87,42,29.87,0,105.1,75.4,2502,0,0,246,246,91.4,point,,,,,,,,,,
9/7/2021 17:12,92,79.9,59.5,29.87,42,29.87,0,106.3,75.9,2539,0,0,246,246,91.9,point,,,,,,,,,,
9/7/2021 17:12,91.5,79.5,59.7,29.87,46,29.87,0,105.3,75.5,2507,0,0,245,245,91.4,point,,,,,,,,,,
9/7/2021 17:13,89.5,78.1,60.2,29.86,46,29.86,0,100.4,73.9,2367,0,0,246,247,89.4,point,,,,,,,,,,
9/7/2021 17:13,90.3,78.8,60.8,29.86,46,29.86,0,102.6,74.9,2427,0,0,246,247,90.1,point,,,,,,,,,,
9/7/2021 17:14,91.8,80.2,61.1,29.86,46,29.86,0,107.1,76.5,2539,0,0,245,246,91.8,point,,,,,,,,,,
9/7/2021 17:14,92,80.2,60.7,29.87,46,29.87,0.7,107.2,76.4,2547,0.7,-0.3,247,247,91.9,point,,,,,,,,,,
9/7/2021 17:15,90.5,78.8,60.1,29.87,46,29.87,0,103.1,74.8,2437,0,0,245,246,90.5,point,,,,,,,,,,
9/7/2021 17:15,91,79.3,60.1,29.87,42,29.87,0,104.2,75.2,2467,0,0,245,246,90.9,point,,,,,,,,,,
9/7/2021 17:16,88.2,76.8,60.2,29.86,49,29.86,0,97.2,72.6,2269,0,0,245,246,88.2,point,,,,,,,,,,
9/7/2021 17:16,88.4,77,60.2,29.87,46,29.87,0,97.7,72.9,2286,0,0,246,246,88.3,point,,,,,,,,,,
9/7/2021 17:17,87.5,75.9,59.9,29.86,46,29.86,0,95.4,71.8,2219,0,0,245,245,87.4,point,,,,,,,,,,
9/7/2021 17:17,90.5,78.6,59.5,29.86,46,29.86,0,102.7,74.4,2432,0,0,245,246,90.5,point,,,,,,,,,,
9/7/2021 17:18,90.1,78.1,59.1,29.86,49,29.86,0,101.8,73.9,2409,0,0,245,246,90.1,point,,,,,,,,,,
9/7/2021 17:18,91,78.8,58.9,29.86,49,29.86,0,103.8,74.6,2472,0,0,245,246,91,point,,,,,,,,,,
9/7/2021 17:19,90.9,78.6,58.5,29.86,46,29.86,0,103.3,74.4,2462,0,0,245,246,90.9,point,,,,,,,,,,
9/7/2021 17:19,89.2,77,58.4,29.86,49,29.86,1,98.8,72.7,2336,0.9,-0.3,249,249,89.1,point,,,,,,,,,,
9/7/2021 17:20,88.4,76.3,58.3,29.86,49,29.86,1.1,96.8,71.9,2271,1.1,-0.4,247,247,88.3,point,,,,,,,,,,
9/7/2021 17:20,88.1,75.9,58.1,29.86,51,29.86,1.5,95.9,71.5,2259,1.4,-0.6,247,247,88,point,,,,,,,,,,
9/7/2021 17:21,88.6,76.3,57.8,29.86,46,29.86,0.9,97.2,71.8,2286,0.9,-0.3,247,248,88.5,point,,,,,,,,,,
9/7/2021 17:21,90.4,78.1,57.9,29.86,51,29.86,0,101.7,73.5,2422,0,0,245,246,90.3,point,,,,,,,,,,
9/7/2021 17:22,89.6,77.5,58.6,29.86,51,29.86,0,100,73.2,2372,0,0,246,246,89.6,point,,,,,,,,,,
9/7/2021 17:22,87.9,76.1,58.8,29.86,49,29.86,0,95.9,71.7,2244,0,0,246,246,87.8,point,,,,,,,,,,
9/7/2021 17:23,90.5,78.4,59.2,29.86,46,29.86,0,102.7,74.3,2432,0,0,247,248,90.5,point,,,,,,,,,,
9/7/2021 17:23,88.3,76.6,59.4,29.86,46,29.86,0,96.8,72.4,2274,0,0,246,246,88.2,point,,,,,,,,,,
9/7/2021 17:24,88.8,77,59.5,29.86,49,29.86,0,98.2,72.8,2311,0,0,246,246,88.7,point,,,,,,,,,,
9/7/2021 17:24,90.9,79.2,59.7,29.86,49,29.86,0,103.8,74.9,2472,0,0,246,246,90.9,point,,,,,,,,,,
9/7/2021 17:25,91.3,79.3,59.7,29.86,49,29.86,0,104.7,75.2,2497,0,0,245,245,91.2,point,,,,,,,,,,
9/7/2021 17:25,90.8,79.2,60.3,29.86,49,29.86,0,103.6,75.2,2467,0,0,245,246,90.7,point,,,,,,,,,,
9/7/2021 17:26,90,78.4,60.5,29.86,49,29.86,0,102,74.5,2404,0,0,246,247,90,point,,,,,,,,,,
9/7/2021 17:26,88.4,77.2,60.6,29.86,49,29.86,0,97.9,73,2294,0,0,246,246,88.3,point,,,,,,,,,,
9/7/2021 17:27,89.8,78.4,60.9,29.86,49,29.86,0,101.7,74.5,2397,0,0,245,246,89.8,point,,,,,,,,,,
9/7/2021 17:27,91.5,79.9,60.8,29.86,49,29.86,0,106,76,2519,0,0,245,246,91.4,point,,,,,,,,,,
9/7/2021 17:28,92.2,80.8,61.1,29.85,51,29.86,0,108,76.9,2579,0,0,246,246,92.1,point,,,,,,,,,,
9/7/2021 17:28,92.9,81.3,61.4,29.86,51,29.86,0,109.9,77.6,2619,0,0,245,246,92.8,point,,,,,,,,,,
9/7/2021 17:29,91.7,80.2,61.5,29.86,51,29.86,0,106.9,76.6,2542,0,0,245,245,91.6,point,,,,,,,,,,
9/7/2021 17:29,90.4,79.3,61.7,29.86,49,29.86,0,103.6,75.5,2444,0,0,246,247,90.3,point,,,,,,,,,,
9/7/2021 17:30,89.7,78.8,62.2,29.85,54,29.86,0,101.8,75,2397,0,0,245,245,89.6,point,,,,,,,,,,
9/7/2021 17:30,91.2,80.1,62.4,29.85,51,29.86,0,106,76.5,2507,0,0,245,245,91,point,,,,,,,,,,
9/7/2021 17:31,89.8,79,62.8,29.86,51,29.86,0,102.7,75.4,2409,0,0,246,246,89.8,point,,,,,,,,,,
9/7/2021 17:31,88.2,77.5,62.8,29.86,51,29.86,0,98.4,73.8,2289,0,0,248,248,88.2,point,,,,,,,,,,
9/7/2021 17:32,87.3,76.6,62.5,29.86,51,29.86,0,96.3,72.9,2219,0,0,246,247,87.3,point,,,,,,,,,,
9/7/2021 17:32,86.6,75.9,62.1,29.86,51,29.86,0,94.6,72.1,2171,0,0,246,246,86.5,point,,,,,,,,,,
9/7/2021 17:33,87.7,77,61.9,29.85,54,29.85,0,96.8,73,2256,0,0,245,246,87.6,point,,,,,,,,,,
9/7/2021 17:33,89,78.1,61.7,29.85,54,29.86,0,99.9,74.1,2346,0,0,245,246,88.9,point,,,,,,,,,,
9/7/2021 17:34,89.4,78.3,61.7,29.85,54,29.85,0,100.8,74.5,2379,0,0,245,245,89.2,point,,,,,,,,,,
9/7/2021 17:34,88.2,77.2,61.9,29.86,51,29.86,0,98.1,73.5,2286,0,0,245,245,88.2,point,,,,,,,,,,
9/7/2021 17:35,88.6,77.7,62,29.85,51,29.86,0,99,73.9,2319,0,0,245,246,88.5,point,,,,,,,,,,
9/7/2021 17:35,88.3,77.5,62.4,29.86,51,29.86,0,98.2,73.8,2296,0,0,245,245,88.2,point,,,,,,,,,,
9/7/2021 17:36,89.1,78.3,62.1,29.85,54,29.85,0,100.4,74.4,2357,0,0,245,246,89.1,point,,,,,,,,,,
9/7/2021 17:36,88.7,77.7,61.7,29.85,54,29.85,0,99.3,73.9,2331,0,0,245,246,88.7,point,,,,,,,,,,
9/7/2021 17:37,88.8,77.7,61.3,29.85,51,29.86,0,99.1,73.8,2329,0,0,245,246,88.7,point,,,,,,,,,,
9/7/2021 17:37,87.8,76.8,61.4,29.85,58,29.85,0,96.4,72.8,2256,0,0,245,246,87.6,point,,,,,,,,,,
9/7/2021 17:38,89,77.7,61.1,29.85,58,29.85,0,99.5,73.8,2344,0,0,245,246,88.9,point,,,,,,,,,,
9/7/2021 17:38,88.2,77,60.7,29.85,54,29.86,1,97.3,72.9,2281,0.9,-0.4,248,248,88.2,point,,,,,,,,,,
9/7/2021 17:39,88.2,77,60.6,29.85,54,29.85,0,97.3,72.8,2284,0,0,246,246,88.2,point,,,,,,,,,,
9/7/2021 17:39,88.2,77.2,60.7,29.85,54,29.86,1.2,97.3,73,2286,1.1,-0.4,248,249,88.2,point,,,,,,,,,,
9/7/2021 17:40,89.6,78.1,60.5,29.85,58,29.85,0,101.1,74.1,2384,0,0,245,245,89.6,point,,,,,,,,,,
9/7/2021 17:40,89.4,77.9,60.7,29.85,54,29.86,0,100.2,74,2372,0,0,246,247,89.4,point,,,,,,,,,,
9/7/2021 17:41,89.1,77.9,61.1,29.85,54,29.86,0,99.9,73.9,2346,0,0,246,246,89.1,point,,,,,,,,,,
9/7/2021 17:41,89.2,78.1,61,29.85,54,29.85,1.1,100.4,74,2362,1,-0.4,248,248,89.2,point,,,,,,,,,,
9/7/2021 17:42,89.4,78.1,60.9,29.85,58,29.85,2.4,100.4,74.1,2375,2.2,-0.9,247,247,89.4,point,,,,,,,,,,
9/7/2021 17:42,89.8,78.4,60.9,29.85,54,29.86,0,101.3,74.5,2397,0,0,246,247,89.6,point,,,,,,,,,,
9/7/2021 17:43,88.9,77.5,60.5,29.85,58,29.85,1.3,99.1,73.5,2341,1.2,-0.5,247,248,88.9,point,,,,,,,,,,
9/7/2021 17:43,88.1,76.6,60.2,29.86,51,29.86,1.4,96.8,72.5,2269,1.3,-0.5,247,247,88,point,,,,,,,,,,
9/7/2021 17:44,88.1,76.6,60,29.85,51,29.86,2.3,96.8,72.4,2269,2.1,-0.8,248,248,88,point,,,,,,,,,,
9/7/2021 17:44,87.9,76.3,59.9,29.85,54,29.86,1.7,96.1,72.2,2254,1.6,-0.6,247,248,87.8,point,,,,,,,,,,
9/7/2021 17:45,89.4,77.7,59.9,29.85,54,29.85,0,99.7,73.6,2369,0,0,246,246,89.4,point,,,,,,,,,,
9/7/2021 17:45,88.3,76.8,59.8,29.85,54,29.86,1.1,97,72.6,2286,1,-0.4,248,249,88.2,point,,,,,,,,,,
9/7/2021 17:46,87.8,76.3,59.9,29.85,54,29.86,0,95.7,72.1,2246,0,0,245,246,87.6,point,,,,,,,,,,
9/7/2021 17:46,90.3,78.6,60,29.85,54,29.85,0,102.2,74.5,2432,0,0,246,247,90.1,point,,,,,,,,,,
9/7/2021 17:47,89.6,77.9,59.8,29.85,58,29.85,0,100.8,73.8,2387,0,0,245,246,89.6,point,,,,,,,,,,
9/7/2021 17:47,88.1,76.6,59.7,29.85,54,29.85,2.6,96.6,72.3,2274,2.4,-1,247,248,88,point,,,,,,,,,,
9/7/2021 17:48,87.9,76.5,59.7,29.85,58,29.85,0,96.1,72.1,2259,0,0,246,246,87.8,point,,,,,,,,,,
9/7/2021 17:48,87.9,76.5,60,29.85,54,29.85,0,96.1,72.3,2259,0,0,245,246,87.8,point,,,,,,,,,,
9/7/2021 17:49,88.8,77.2,60,29.85,58,29.85,1.6,98.6,73.1,2321,1.5,-0.6,247,247,88.7,point,,,,,,,,,,
9/7/2021 17:49,88.6,77,60,29.85,54,29.86,1.7,97.9,72.9,2309,1.5,-0.6,247,248,88.5,point,,,,,,,,,,
9/7/2021 17:50,88.7,77.2,60,29.85,54,29.85,0,98.6,73,2319,0,0,249,250,88.7,point,,,,,,,,,,
9/7/2021 17:50,89.7,78.1,60.1,29.85,58,29.85,0,100.9,74,2392,0,0,245,246,89.6,point,,,,,,,,,,
9/7/2021 17:51,89.1,77.5,60,29.85,58,29.85,0,99.5,73.4,2352,0,0,245,246,89.1,point,,,,,,,,,,
9/7/2021 17:51,88.8,77.2,60,29.85,58,29.85,1.2,98.6,73.1,2326,1.2,-0.4,249,249,88.7,point,,,,,,,,,,
9/7/2021 17:52,89.2,77.5,59.8,29.85,58,29.85,0,99.3,73.3,2354,0,0,244,245,89.1,point,,,,,,,,,,
9/7/2021 17:52,90.4,78.6,59.7,29.85,54,29.85,0,102.4,74.5,2442,0,0,246,246,90.3,point,,,,,,,,,,
9/7/2021 17:53,89.9,78.3,59.8,29.85,58,29.85,0,101.1,74,2407,0,0,246,247,89.8,point,,,,,,,,,,
9/7/2021 17:53,91.2,79.3,60.1,29.85,58,29.85,0,104.5,75.4,2497,0,0,245,245,91,point,,,,,,,,,,
9/7/2021 17:54,89.4,77.7,60.1,29.85,54,29.85,0,99.9,73.7,2367,0,0,245,246,89.2,point,,,,,,,,,,
9/7/2021 17:54,89.9,78.4,60.2,29.85,54,29.85,0,101.3,74.3,2407,0,0,245,246,89.8,point,,,,,,,,,,
9/7/2021 17:55,87.6,76.5,60.6,29.85,58,29.85,0,95.7,72.2,2244,0,0,247,247,87.4,point,,,,,,,,,,
9/7/2021 17:55,90,78.6,60.8,29.85,54,29.85,0,102,74.6,2417,0,0,245,245,90,point,,,,,,,,,,
9/7/2021 17:56,90.2,78.8,60.9,29.85,58,29.85,0,102.7,74.9,2437,0,0,246,246,90.1,point,,,,,,,,,,
9/7/2021 17:56,89.9,78.6,60.9,29.85,54,29.85,1.1,101.7,74.6,2412,1,-0.4,247,248,89.8,point,,,,,,,,,,
9/7/2021 17:57,89.6,78.3,60.7,29.85,58,29.85,0,101.1,74.2,2389,0,0,249,249,89.6,point,,,,,,,,,,
9/7/2021 17:57,89.6,78.3,60.7,29.85,54,29.86,0,101.1,74.2,2387,0,0,245,245,89.6,point,,,,,,,,,,
9/7/2021 17:58,89.6,78.1,60.5,29.85,54,29.85,0,101.1,74.1,2389,0,0,245,245,89.6,point,,,,,,,,,,
9/7/2021 17:58,88.8,77.4,60.4,29.85,54,29.86,0,98.8,73.3,2321,0,0,246,246,88.7,point,,,,,,,,,,
9/7/2021 17:59,89.8,78.3,60.3,29.85,58,29.85,0,101.3,74.2,2399,0,0,244,245,89.8,point,,,,,,,,,,
9/7/2021 17:59,89.5,77.9,60.3,29.85,54,29.85,0,100.4,73.9,2372,0,0,245,245,89.4,point,,,,,,,,,,
9/7/2021 18:00,88.8,77.2,60.2,29.85,58,29.85,1.5,98.6,73.2,2326,1.4,-0.6,247,248,88.7,point,,,,,,,,,,
9/7/2021 18:00,88.6,77.2,60.1,29.85,58,29.85,0,98.1,73,2311,0,0,245,245,88.5,point,,,,,,,,,,
9/7/2021 18:01,88.1,76.6,60.1,29.85,58,29.85,0,96.8,72.5,2274,0,0,245,246,88,point,,,,,,,,,,
9/7/2021 18:01,87.1,75.7,60.1,29.85,58,29.85,0,94.8,71.6,2204,0,0,246,246,87.1,point,,,,,,,,,,
9/7/2021 18:02,86.2,75,60.3,29.85,58,29.85,0,93,70.8,2139,0,0,246,246,86.2,point,,,,,,,,,,
9/7/2021 18:02,87.9,76.6,60.4,29.85,58,29.85,0,96.4,72.5,2259,0,0,245,246,87.8,point,,,,,,,,,,
9/7/2021 18:03,87.1,75.9,60.6,29.85,58,29.85,0,95,71.9,2209,0,0,246,247,87.1,point,,,,,,,,,,
9/7/2021 18:03,87.8,76.6,60.8,29.85,58,29.85,0,96.4,72.6,2264,0,0,245,246,87.8,point,,,,,,,,,,
9/7/2021 18:04,88.8,77.5,61,29.85,58,29.85,0,99,73.5,2329,0,0,245,246,88.7,point,,,,,,,,,,
9/7/2021 18:04,88.7,77.5,61.1,29.85,59,29.85,0,99,73.6,2329,0,0,246,247,88.7,point,,,,,,,,,,
9/7/2021 18:05,88.4,77.4,61.5,29.85,58,29.85,0,98.4,73.5,2311,0,0,246,246,88.3,point,,,,,,,,,,
9/7/2021 18:05,87,76.3,61.8,29.85,58,29.85,0,95.2,72.3,2201,0,0,245,246,86.9,point,,,,,,,,,,
9/7/2021 18:06,88,77.2,62,29.85,54,29.85,0,97.7,73.4,2281,0,0,246,246,88,point,,,,,,,,,,
9/7/2021 18:06,88.6,77.7,62.1,29.85,54,29.85,0,99,73.9,2324,0,0,246,246,88.5,point,,,,,,,,,,
9/7/2021 18:07,87.7,77,61.9,29.85,58,29.85,0,96.8,73,2261,0,0,246,246,87.6,point,,,,,,,,,,
9/7/2021 18:07,87.3,76.6,61.9,29.85,54,29.86,0,95.9,72.6,2226,0,0,246,246,87.3,point,,,,,,,,,,
9/7/2021 18:08,87.1,76.3,61.8,29.85,54,29.86,0,95.5,72.4,2206,0,0,246,246,87.1,point,,,,,,,,,,
9/7/2021 18:08,87.2,76.3,61.6,29.85,58,29.85,0,95.5,72.4,2219,0,0,245,246,87.1,point,,,,,,,,,,
9/7/2021 18:09,87.2,76.3,61.6,29.85,54,29.86,0,95.5,72.4,2216,0,0,246,246,87.1,point,,,,,,,,,,
9/7/2021 18:09,86.4,75.6,61.6,29.85,54,29.86,0,94.1,71.7,2159,0,0,245,246,86.4,point,,,,,,,,,,
9/7/2021 18:10,86.1,75.2,61.6,29.85,54,29.86,0,93.2,71.3,2134,0,0,245,246,86,point,,,,,,,,,,
9/7/2021 18:10,85.8,75.2,61.7,29.85,54,29.86,0,92.5,71.1,2114,0,0,245,246,85.6,point,,,,,,,,,,
9/7/2021 18:11,85.5,74.8,61.8,29.85,54,29.86,0,92.1,70.9,2094,0,0,245,246,85.5,point,,,,,,,,,,
9/7/2021 18:11,85.2,74.8,61.8,29.85,54,29.85,0,91.4,70.6,2076,0,0,246,246,85.1,point,,,,,,,,,,
9/7/2021 18:12,86,75.4,62,29.85,51,29.86,0,93.4,71.4,2131,0,0,246,247,86,point,,,,,,,,,,
9/7/2021 18:12,85.8,75.4,62.2,29.85,58,29.85,0,92.7,71.3,2121,0,0,245,246,85.6,point,,,,,,,,,,
9/7/2021 18:13,85,74.8,62.5,29.85,54,29.85,0,91.2,70.8,2064,0,0,246,246,84.9,point,,,,,,,,,,
9/7/2021 18:13,85.1,75,62.9,29.85,54,29.86,0,91.9,71,2071,0,0,246,247,85.1,point,,,,,,,,,,
9/7/2021 18:14,84.6,74.7,63.2,29.85,54,29.85,0,90.9,70.7,2039,0,0,246,246,84.6,point,,,,,,,,,,
9/7/2021 18:14,84.4,74.5,63.3,29.85,54,29.85,0,90.3,70.6,2021,0,0,246,246,84.4,point,,,,,,,,,,
9/7/2021 18:15,84.9,74.8,63.5,29.85,54,29.85,0,91.4,71.1,2061,0,0,246,247,84.7,point,,,,,,,,,,
9/7/2021 18:15,85.4,75.4,63.6,29.85,51,29.86,0,92.5,71.7,2096,0,0,246,247,85.3,point,,,,,,,,,,
9/7/2021 18:16,86,75.9,63.9,29.85,51,29.86,0,93.7,72.3,2136,0,0,246,246,85.8,point,,,,,,,,,,
9/7/2021 18:16,85.7,75.7,64,29.85,54,29.86,0,93.4,72.2,2121,0,0,246,246,85.6,point,,,,,,,,,,
9/7/2021 18:17,85.7,75.7,64.1,29.85,54,29.86,0,93.4,72.2,2121,0,0,246,247,85.6,point,,,,,,,,,,
9/7/2021 18:17,85,75.2,64.3,29.85,54,29.85,0,91.9,71.6,2071,0,0,247,248,84.9,point,,,,,,,,,,
9/7/2021 18:18,85.1,75.4,64.4,29.85,54,29.85,0,91.9,71.7,2076,0,0,245,245,84.9,point,,,,,,,,,,
9/7/2021 18:18,85,75.2,64.2,29.85,58,29.85,0,91.9,71.6,2074,0,0,246,246,84.9,point,,,,,,,,,,
9/7/2021 18:19,84.4,74.8,64.4,29.86,51,29.86,0,90.9,71.1,2024,0,0,247,247,84.4,point,,,,,,,,,,
9/7/2021 18:19,84.4,74.8,64.7,29.85,54,29.85,0,90.9,71.2,2034,0,0,246,246,84.4,point,,,,,,,,,,
9/7/2021 18:20,84.2,74.7,64.7,29.85,54,29.85,0,90.5,71,2019,0,0,244,245,84.2,point,,,,,,,,,,
9/7/2021 18:20,84.1,74.7,64.7,29.85,54,29.86,0,90.1,71,2009,0,0,246,247,84,point,,,,,,,,,,
9/7/2021 18:21,84.7,75.2,64.9,29.85,54,29.86,0,91.4,71.6,2049,0,0,247,247,84.6,point,,,,,,,,,,
9/7/2021 18:21,85.2,75.6,65.1,29.86,51,29.86,0,92.7,72.1,2086,0,0,246,246,85.1,point,,,,,,,,,,
9/7/2021 18:22,84.6,75,65.3,29.85,54,29.86,0,91.4,71.7,2044,0,0,245,246,84.6,point,,,,,,,,,,
9/7/2021 18:22,84.4,75,65.3,29.86,51,29.86,0,91.2,71.5,2024,0,0,245,245,84.4,point,,,,,,,,,,
9/7/2021 18:23,84.3,75,65.3,29.85,54,29.86,0,90.7,71.4,2021,0,0,246,247,84.2,point,,,,,,,,,,
9/7/2021 18:23,84.3,75,65.5,29.86,49,29.86,0,90.7,71.5,2019,0,0,246,246,84.2,point,,,,,,,,,,
9/7/2021 18:24,84.9,75.6,65.8,29.85,54,29.86,0,92.1,72.2,2069,0,0,246,247,84.7,point,,,,,,,,,,
9/7/2021 18:24,84.8,75.6,65.9,29.85,54,29.86,0,92.1,72.1,2061,0,0,245,246,84.7,point,,,,,,,,,,
9/7/2021 18:25,84.4,75.2,66,29.85,54,29.86,0,91.4,71.8,2034,0,0,246,247,84.4,point,,,,,,,,,,
9/7/2021 18:25,84.3,75.2,66.2,29.86,49,29.86,0,91,71.8,2026,0,0,246,246,84.2,point,,,,,,,,,,
9/7/2021 18:26,84.4,75.4,66.4,29.85,54,29.86,0,91.6,72,2034,0,0,246,247,84.4,point,,,,,,,,,,
9/7/2021 18:26,84.6,75.6,66.4,29.86,51,29.86,0,91.9,72.2,2046,0,0,247,247,84.6,point,,,,,,,,,,
9/7/2021 18:27,84.8,75.7,66.3,29.85,54,29.86,0,92.3,72.2,2061,0,0,247,248,84.7,point,,,,,,,,,,
9/7/2021 18:27,84.7,75.6,66.2,29.85,51,29.86,0,91.9,72.2,2054,0,0,247,247,84.6,point,,,,,,,,,,
9/7/2021 18:28,84.9,75.9,66.3,29.86,51,29.86,0,92.7,72.4,2071,0,0,247,247,84.9,point,,,,,,,,,,
9/7/2021 18:28,85.2,76.3,66.5,29.86,49,29.86,0,93.2,72.8,2094,0,0,247,247,85.1,point,,,,,,,,,,
9/7/2021 18:29,84.9,75.9,66.7,29.85,51,29.86,0,92.8,72.6,2076,0,0,246,247,84.9,point,,,,,,,,,,
9/7/2021 18:29,84.9,75.9,66.9,29.85,51,29.86,0,92.5,72.7,2074,0,0,246,247,84.7,point,,,,,,,,,,
9/7/2021 18:30,85,76.1,67,29.86,49,29.86,0,93,72.8,2079,0,0,247,247,84.9,point,,,,,,,,,,
9/7/2021 18:30,84.7,75.9,67.2,29.86,51,29.86,0,92.1,72.6,2059,0,0,246,247,84.6,point,,,,,,,,,,
9/7/2021 18:31,84,75.4,67.5,29.85,54,29.86,0,90.5,72,2009,0,0,247,247,83.8,point,,,,,,,,,,
9/7/2021 18:31,84.3,75.6,67.6,29.85,54,29.85,0,91.6,72.4,2039,0,0,247,247,84.2,point,,,,,,,,,,
9/7/2021 18:32,84.4,75.7,67.6,29.86,51,29.86,0,91.9,72.5,2039,0,0,247,247,84.4,point,,,,,,,,,,
9/7/2021 18:32,84.8,75.9,67.3,29.85,54,29.86,0,92.7,72.7,2066,0,0,246,247,84.7,point,,,,,,,,,,
9/7/2021 18:33,85,76.1,67.2,29.85,51,29.86,0,93,72.8,2081,0,0,247,247,84.9,point,,,,,,,,,,
9/7/2021 18:33,85.2,76.5,67.3,29.85,51,29.86,0,93.6,73.2,2101,0,0,246,247,85.1,point,,,,,,,,,,
9/7/2021 18:34,84.8,76.1,67.5,29.86,51,29.86,0,92.7,72.9,2069,0,0,246,246,84.7,point,,,,,,,,,,
9/7/2021 18:34,84.9,76.1,67.5,29.86,51,29.86,0,92.7,72.9,2071,0,0,247,248,84.7,point,,,,,,,,,,
9/7/2021 18:35,85,76.3,67.5,29.85,54,29.86,0,93.2,73.1,2089,0,0,247,247,84.9,point,,,,,,,,,,
9/7/2021 18:35,85.3,76.6,67.7,29.86,51,29.86,0,94.1,73.4,2106,0,0,247,247,85.3,point,,,,,,,,,,
9/7/2021 18:36,85.3,76.6,67.8,29.86,51,29.86,0,94.1,73.5,2114,0,0,246,247,85.3,point,,,,,,,,,,
9/7/2021 18:36,85,76.3,68,29.85,51,29.86,0,93.4,73.2,2086,0,0,247,248,84.9,point,,,,,,,,,,
9/7/2021 18:37,84.8,76.3,68.1,29.85,54,29.86,0,92.8,73.1,2074,0,0,247,247,84.7,point,,,,,,,,,,
9/7/2021 18:37,84.9,76.3,68.2,29.85,51,29.86,0,93.4,73.2,2084,0,0,247,247,84.9,point,,,,,,,,,,
9/7/2021 18:38,85.3,76.6,68,29.85,51,29.86,0,94.1,73.6,2114,0,0,246,246,85.3,point,,,,,,,,,,
9/7/2021 18:38,85.5,76.8,67.9,29.86,51,29.86,0,94.6,73.6,2121,0,0,246,247,85.5,point,,,,,,,,,,
9/7/2021 18:39,85.4,76.8,67.9,29.85,54,29.86,0,94.1,73.6,2119,0,0,247,247,85.3,point,,,,,,,,,,
9/7/2021 18:39,85.4,76.8,67.8,29.85,51,29.86,0,94.1,73.5,2119,0,0,246,247,85.3,point,,,,,,,,,,
9/7/2021 18:40,85.5,76.8,67.7,29.85,54,29.85,0,94.5,73.6,2129,0,0,246,247,85.5,point,,,,,,,,,,
9/7/2021 18:40,85.2,76.6,67.8,29.86,51,29.86,0,93.7,73.4,2104,0,0,246,247,85.1,point,,,,,,,,,,
9/7/2021 18:41,84.9,76.3,67.9,29.85,54,29.86,0,92.8,73.1,2079,0,0,246,247,84.7,point,,,,,,,,,,
9/7/2021 18:41,84.9,76.3,68,29.86,49,29.86,0,93.4,73.2,2079,0,0,247,247,84.9,point,,,,,,,,,,
9/7/2021 18:42,85,76.3,68,29.85,54,29.85,0,93.4,73.2,2089,0,0,247,247,84.9,point,,,,,,,,,,
9/7/2021 18:42,85.2,76.5,67.6,29.85,51,29.86,0,93.7,73.3,2101,0,0,246,246,85.1,point,,,,,,,,,,
9/7/2021 18:43,85.2,76.5,67.2,29.86,49,29.86,0,93.6,73.1,2099,0,0,246,246,85.1,point,,,,,,,,,,
9/7/2021 18:43,85.2,76.3,67,29.86,51,29.86,0,93.4,73,2094,0,0,246,246,85.1,point,,,,,,,,,,
9/7/2021 18:44,85,76.1,67,29.86,49,29.86,0,93,72.8,2079,0,0,247,247,84.9,point,,,,,,,,,,
9/7/2021 18:44,85.1,76.1,66.9,29.86,51,29.86,0,93.4,72.9,2089,0,0,246,247,85.1,point,,,,,,,,,,
9/7/2021 18:45,85.2,76.3,67,29.85,51,29.86,0,93.4,73,2096,0,0,246,247,85.1,point,,,,,,,,,,
9/7/2021 18:45,85,76.1,67,29.86,51,29.86,0,93,72.8,2079,0,0,246,246,84.9,point,,,,,,,,,,
9/7/2021 18:46,84.8,75.7,66.9,29.86,51,29.86,1.9,92.5,72.6,2064,1.7,-0.7,248,249,84.7,point,,,,,,,,,,
9/7/2021 18:46,84.9,75.9,66.6,29.86,51,29.86,0,92.3,72.5,2071,0,0,247,247,84.7,point,,,,,,,,,,
9/7/2021 18:47,84.5,75.6,66.6,29.85,54,29.86,1.6,91.6,72.1,2044,1.5,-0.6,248,248,84.4,point,,,,,,,,,,
9/7/2021 18:47,84.6,75.6,66.3,29.85,51,29.86,1.4,91.9,72.2,2049,1.3,-0.5,248,248,84.6,point,,,,,,,,,,
9/7/2021 18:48,84.6,75.6,66.2,29.85,54,29.86,0,91.9,72.1,2049,0,0,246,246,84.6,point,,,,,,,,,,
9/7/2021 18:48,84.6,75.6,66.2,29.86,51,29.86,0,91.8,72.1,2046,0,0,246,247,84.6,point,,,,,,,,,,
9/7/2021 18:49,84.7,75.6,66.1,29.86,51,29.86,0,91.8,72.1,2059,0,0,246,247,84.6,point,,,,,,,,,,
9/7/2021 18:49,84.8,75.7,66.1,29.85,51,29.86,0,92.1,72.2,2066,0,0,246,247,84.7,point,,,,,,,,,,
9/7/2021 18:50,84.8,75.7,66.1,29.85,54,29.86,0,92.1,72.2,2064,0,0,246,246,84.7,point,,,,,,,,,,
9/7/2021 18:50,84.4,75.4,66.2,29.85,54,29.86,0,91.4,71.9,2034,0,0,245,246,84.4,point,,,,,,,,,,
9/7/2021 18:51,84.4,75.4,66.5,29.86,49,29.86,0,91.6,72.1,2034,0,0,246,247,84.4,point,,,,,,,,,,
9/7/2021 18:51,84.2,75.4,66.9,29.86,51,29.86,0,90.9,72,2024,0,0,247,247,84,point,,,,,,,,,,
9/7/2021 18:52,84.1,75.4,67.2,29.86,51,29.86,0,91,72,2009,0,0,246,247,84,point,,,,,,,,,,
9/7/2021 18:52,84.3,75.6,67.2,29.86,51,29.86,0,91.4,72.2,2029,0,0,246,247,84.2,point,,,,,,,,,,
9/7/2021 18:53,84.6,75.7,67.3,29.86,51,29.86,0,92.3,72.5,2046,0,0,245,246,84.6,point,,,,,,,,,,
9/7/2021 18:53,84.6,75.7,67.2,29.86,49,29.86,0,92.3,72.5,2046,0,0,246,246,84.6,point,,,,,,,,,,
9/7/2021 18:54,84.5,75.7,67.3,29.86,49,29.86,0,91.8,72.4,2041,0,0,246,247,84.4,point,,,,,,,,,,
9/7/2021 18:54,84.1,75.4,67.4,29.86,51,29.86,0,91,72.2,2016,0,0,247,248,84,point,,,,,,,,,,
9/7/2021 18:55,84,75.6,67.9,29.86,49,29.86,0,90.9,72.3,2011,0,0,246,247,84,point,,,,,,,,,,
9/7/2021 18:55,84.2,75.7,68.1,29.85,51,29.86,0,91.6,72.6,2031,0,0,247,247,84.2,point,,,,,,,,,,
9/7/2021 18:56,84.3,75.7,68.3,29.86,51,29.86,0,91.8,72.7,2034,0,0,246,247,84.2,point,,,,,,,,,,
9/7/2021 18:56,84.3,75.9,68.5,29.86,49,29.86,0,91.8,72.8,2039,0,0,246,247,84.2,point,,,,,,,,,,
9/7/2021 18:57,84.2,75.7,68.4,29.86,46,29.86,0,91.8,72.7,2024,0,0,246,247,84.2,point,,,,,,,,,,
9/7/2021 18:57,83.6,75.2,68.5,29.86,49,29.86,0,90.1,72.2,1989,0,0,247,247,83.5,point,,,,,,,,,,
9/7/2021 18:58,83.6,75.4,68.7,29.86,49,29.86,0,90.1,72.2,1987,0,0,247,248,83.5,point,,,,,,,,,,
9/7/2021 18:58,83.8,75.6,69,29.86,49,29.86,0,91.2,72.6,2001,0,0,246,246,83.8,point,,,,,,,,,,
9/7/2021 18:59,83.7,75.6,69.1,29.86,49,29.86,0,90.9,72.5,1991,0,0,246,247,83.7,point,,,,,,,,,,
9/7/2021 18:59,84.1,75.9,69,29.86,49,29.86,0,91.6,72.9,2024,0,0,246,247,84,point,,,,,,,,,,
9/7/2021 19:00,84.1,75.7,69,29.87,46,29.87,0,91.6,72.8,2014,0,0,247,247,84,point,,,,,,,,,,
9/7/2021 19:00,83.9,75.7,69,29.86,46,29.86,0,91.2,72.7,2009,0,0,246,246,83.8,point,,,,,,,,,,
9/7/2021 19:01,83.8,75.7,69.3,29.86,49,29.86,0,90.9,72.6,1999,0,0,246,247,83.7,point,,,,,,,,,,
9/7/2021 19:01,83.8,75.7,69.8,29.86,46,29.86,0,91,72.9,2004,0,0,246,247,83.7,point,,,,,,,,,,
9/7/2021 19:02,83.6,75.7,70.2,29.86,49,29.86,0,90.5,72.8,1989,0,0,246,246,83.5,point,,,,,,,,,,
9/7/2021 19:02,83.8,75.9,70.2,29.86,49,29.86,0,91,73,2001,0,0,246,247,83.7,point,,,,,,,,,,
9/7/2021 19:03,83.6,75.7,70.2,29.86,46,29.86,0,90.7,72.9,1991,0,0,246,247,83.5,point,,,,,,,,,,
9/7/2021 19:03,84,76.1,70.1,29.87,46,29.87,0,91.4,73.2,2014,0,0,246,246,83.8,point,,,,,,,,,,
9/7/2021 19:04,84.1,76.1,69.9,29.87,46,29.87,0,91.9,73.2,2021,0,0,246,246,84,point,,,,,,,,,,
9/7/2021 19:04,83.9,75.9,69.8,29.86,46,29.86,0,91.4,73,2009,0,0,246,246,83.8,point,,,,,,,,,,
9/7/2021 19:05,83.9,75.9,69.8,29.87,42,29.87,0,91.4,73,2011,0,0,246,247,83.8,point,,,,,,,,,,
9/7/2021 19:05,84.1,75.9,69.7,29.87,42,29.87,0,91.8,73.1,2016,0,0,247,247,84,point,,,,,,,,,,
9/7/2021 19:06,83.9,75.9,69.5,29.87,42,29.87,0,91.2,72.9,2011,0,0,246,246,83.8,point,,,,,,,,,,
9/7/2021 19:06,83.7,75.6,69.6,29.87,41,29.87,0,91,72.7,1987,0,0,246,246,83.7,point,,,,,,,,,,
9/7/2021 19:07,83.6,75.6,69.8,29.87,42,29.87,0,90.5,72.7,1989,0,0,246,246,83.5,point,,,,,,,,,,
9/7/2021 19:07,83.8,75.9,69.9,29.87,42,29.87,0,91.4,73,2001,0,0,245,246,83.8,point,,,,,,,,,,
9/7/2021 19:08,84,75.9,69.8,29.87,41,29.87,0,91.4,73,2006,0,0,246,246,83.8,point,,,,,,,,,,
9/7/2021 19:08,83.9,75.9,69.7,29.87,41,29.87,0,91.4,73,2004,0,0,246,246,83.8,point,,,,,,,,,,
9/7/2021 19:09,84,75.9,69.7,29.87,42,29.87,0,91.4,73,2009,0,0,246,246,83.8,point,,,,,,,,,,
9/7/2021 19:09,83.9,75.7,69.7,29.87,41,29.87,0,91.4,72.9,1999,0,0,247,247,83.8,point,,,,,,,,,,
9/7/2021 19:10,83.8,75.7,69.8,29.87,38,29.87,0,91,72.9,1994,0,0,247,247,83.7,point,,,,,,,,,,
9/7/2021 19:10,83.9,75.9,69.7,29.87,42,29.87,0,91.4,73,2011,0,0,247,247,83.8,point,,,,,,,,,,
9/7/2021 19:11,83.6,75.6,69.8,29.87,41,29.87,0,90.5,72.7,1982,0,0,246,247,83.5,point,,,,,,,,,,
9/7/2021 19:11,83.4,75.6,70,29.87,41,29.87,0,90.1,72.6,1969,0,0,246,246,83.3,point,,,,,,,,,,
9/7/2021 19:12,83.4,75.6,70.3,29.87,38,29.87,0,90.1,72.7,1967,0,0,246,247,83.3,point,,,,,,,,,,
9/7/2021 19:12,83.5,75.7,70.4,29.87,41,29.87,0,90.3,72.8,1969,0,0,246,246,83.3,point,,,,,,,,,,
9/7/2021 19:13,83.4,75.7,70.7,29.87,42,29.87,0,90.3,72.9,1974,0,0,246,246,83.3,point,,,,,,,,,,
9/7/2021 19:13,83.6,75.9,70.8,29.87,41,29.87,0,90.9,73.1,1984,0,0,246,247,83.5,point,,,,,,,,,,
9/7/2021 19:14,83.6,75.9,70.9,29.87,42,29.87,0,90.9,73.2,1989,0,0,246,247,83.5,point,,,,,,,,,,
9/7/2021 19:14,83.8,76.3,70.8,29.87,41,29.87,0,91.2,73.3,1999,0,0,247,247,83.7,point,,,,,,,,,,
9/7/2021 19:15,83.8,76.1,70.7,29.87,41,29.87,0,91.2,73.3,2001,0,0,246,246,83.7,point,,,,,,,,,,
9/7/2021 19:15,83.6,75.9,70.7,29.87,42,29.87,0,90.9,73.1,1989,0,0,246,247,83.5,point,,,,,,,,,,
9/7/2021 19:16,83.7,75.9,70.7,29.87,41,29.87,0,91.2,73.1,1991,0,0,247,248,83.7,point,,,,,,,,,,
9/7/2021 19:16,83.6,75.9,70.8,29.87,41,29.87,0,90.9,73.1,1984,0,0,247,247,83.5,point,,,,,,,,,,
9/7/2021 19:17,83.9,76.3,70.7,29.87,41,29.87,1.4,91.6,73.4,2011,1.3,-0.5,249,249,83.8,point,,,,,,,,,,
9/7/2021 19:17,83.9,76.1,70.5,29.87,38,29.87,0,91.6,73.2,1999,0,0,245,246,83.8,point,,,,,,,,,,
9/7/2021 19:18,83.9,76.1,70.4,29.87,42,29.87,0,91.6,73.2,2004,0,0,246,247,83.8,point,,,,,,,,,,
9/7/2021 19:18,83.8,75.9,70.2,29.88,38,29.87,0,91.4,73.1,1996,0,0,246,246,83.8,point,,,,,,,,,,
9/7/2021 19:19,84,76.1,70,29.87,41,29.87,0,91.4,73.2,2011,0,0,246,246,84,point,,,,,,,,,,
9/7/2021 19:19,84.1,76.1,69.8,29.87,41,29.87,0,91.9,73.1,2011,0,0,247,247,84,point,,,,,,,,,,
9/7/2021 19:20,83.8,75.7,69.8,29.88,38,29.87,0,91,72.9,1994,0,0,246,246,83.7,point,,,,,,,,,,
9/7/2021 19:20,83.8,75.7,69.7,29.87,38,29.87,0,91.4,72.9,1996,0,0,246,247,83.8,point,,,,,,,,,,
9/7/2021 19:21,83.8,75.7,69.8,29.87,38,29.87,0,91,72.8,1991,0,0,246,247,83.7,point,,,,,,,,,,
9/7/2021 19:21,83.6,75.6,69.8,29.87,41,29.87,0,90.5,72.7,1979,0,0,246,247,83.5,point,,,,,,,,,,
9/7/2021 19:22,83.6,75.6,70,29.88,38,29.88,0,90.5,72.7,1972,0,0,247,247,83.5,point,,,,,,,,,,
9/7/2021 19:22,83.6,75.7,70.1,29.88,36,29.88,0,90.5,72.8,1974,0,0,247,247,83.5,point,,,,,,,,,,
9/7/2021 19:23,83.6,75.7,70.1,29.88,38,29.88,1.1,90.5,72.9,1979,1.1,-0.4,249,249,83.5,point,,,,,,,,,,
9/7/2021 19:23,83.6,75.7,70.2,29.88,36,29.88,0,90.7,72.9,1974,0,0,247,247,83.5,point,,,,,,,,,,
9/7/2021 19:24,83.4,75.6,70.4,29.88,36,29.88,0,90.3,72.7,1959,0,0,245,246,83.3,point,,,,,,,,,,
9/7/2021 19:24,83.4,75.7,70.5,29.88,38,29.88,0,90.3,72.8,1962,0,0,245,246,83.3,point,,,,,,,,,,
9/7/2021 19:25,83.4,75.7,70.5,29.88,36,29.88,2,90.3,72.8,1959,1.9,-0.7,248,248,83.3,point,,,,,,,,,,
9/7/2021 19:25,83.8,75.9,70.2,29.88,36,29.88,0,91,73,1984,0,0,247,248,83.7,point,,,,,,,,,,
9/7/2021 19:26,83.6,75.7,70,29.88,33,29.88,0,90.5,72.8,1967,0,0,246,247,83.5,point,,,,,,,,,,
9/7/2021 19:26,83.2,75.4,69.9,29.88,33,29.88,0,89.8,72.4,1945,0,0,245,246,83.1,point,,,,,,,,,,
9/7/2021 19:27,83.3,75.6,69.9,29.88,33,29.88,0,90.1,72.5,1952,0,0,246,247,83.3,point,,,,,,,,,,
9/7/2021 19:27,83.7,75.6,69.7,29.88,33,29.88,0,91,72.7,1974,0,0,246,246,83.7,point,,,,,,,,,,
9/7/2021 19:28,83.6,75.6,69.5,29.88,36,29.88,0,90.3,72.5,1969,0,0,246,246,83.5,point,,,,,,,,,,
9/7/2021 19:28,83.3,75.4,69.4,29.88,33,29.88,0,90,72.2,1945,0,0,246,247,83.3,point,,,,,,,,,,
9/7/2021 19:29,83,75,69.4,29.88,33,29.88,0,89.1,72,1922,0,0,246,247,82.9,point,,,,,,,,,,
9/7/2021 19:29,83.1,75,69.4,29.88,33,29.88,0,89.4,72.1,1930,0,0,247,248,83.1,point,,,,,,,,,,
9/7/2021 19:30,83.2,75.2,69.3,29.88,33,29.88,0,89.4,72.1,1937,0,0,246,246,83.1,point,,,,,,,,,,
9/7/2021 19:30,83,75,69.4,29.88,36,29.88,0,89.1,71.9,1922,0,0,246,247,82.9,point,,,,,,,,,,
9/7/2021 19:31,82.9,74.8,69.5,29.88,33,29.88,0,88.7,71.8,1915,0,0,246,247,82.8,point,,,,,,,,,,
9/7/2021 19:31,82.8,74.8,69.4,29.88,33,29.88,0,88.7,71.8,1908,0,0,247,248,82.8,point,,,,,,,,,,
9/7/2021 19:32,82.8,74.8,69.4,29.88,33,29.88,0,88.7,71.8,1908,0,0,246,247,82.8,point,,,,,,,,,,
9/7/2021 19:32,83.1,75,69.3,29.88,33,29.88,0,89.1,72,1927,0,0,246,247,82.9,point,,,,,,,,,,
9/7/2021 19:33,83.1,75,69.2,29.88,33,29.88,0,89.1,71.9,1927,0,0,246,246,82.9,point,,,,,,,,,,
9/7/2021 19:33,83,74.8,69,29.88,33,29.88,0,89.1,71.8,1922,0,0,246,247,82.9,point,,,,,,,,,,
9/7/2021 19:34,82.8,74.7,69,29.88,33,29.88,0,88.7,71.6,1908,0,0,246,247,82.8,point,,,,,,,,,,
9/7/2021 19:34,82.5,74.5,69,29.88,33,29.88,0,87.8,71.3,1886,0,0,247,247,82.4,point,,,,,,,,,,
9/7/2021 19:35,82.3,74.3,69.1,29.88,29,29.88,0,87.4,71.2,1873,0,0,247,247,82.2,point,,,,,,,,,,
9/7/2021 19:35,82.5,74.5,69.2,29.88,33,29.88,0,87.8,71.4,1888,0,0,247,247,82.4,point,,,,,,,,,,
9/7/2021 19:36,82.5,74.5,69.2,29.88,33,29.88,0,87.8,71.4,1886,0,0,245,246,82.4,point,,,,,,,,,,
9/7/2021 19:36,82.4,74.3,69.2,29.88,29,29.88,0,87.4,71.3,1876,0,0,245,246,82.2,point,,,,,,,,,,
9/7/2021 19:37,82.3,74.3,69.2,29.88,33,29.88,0,87.4,71.3,1873,0,0,247,247,82.2,point,,,,,,,,,,
9/7/2021 19:37,82.3,74.3,69.3,29.88,29,29.88,0,87.4,71.3,1873,0,0,246,246,82.2,point,,,,,,,,,,
9/7/2021 19:38,82.5,74.5,69.3,29.88,33,29.88,0,87.8,71.4,1881,0,0,246,246,82.4,point,,,,,,,,,,
9/7/2021 19:38,82.7,74.7,69.3,29.88,33,29.88,0,88.2,71.6,1896,0,0,248,248,82.6,point,,,,,,,,,,
9/7/2021 19:39,82.5,74.5,69.3,29.88,29,29.88,0,87.8,71.4,1881,0,0,246,246,82.4,point,,,,,,,,,,
9/7/2021 19:39,82.6,74.7,69.3,29.88,29,29.88,0,88.2,71.5,1888,0,0,246,246,82.6,point,,,,,,,,,,
9/7/2021 19:40,82.5,74.5,69.4,29.88,29,29.88,0,87.8,71.4,1881,0,0,246,246,82.4,point,,,,,,,,,,
9/7/2021 19:40,82.1,74.3,69.5,29.88,29,29.88,0,87.1,71.2,1853,0,0,246,246,82,point,,,,,,,,,,
9/7/2021 19:41,82.1,74.3,69.6,29.88,33,29.88,0,87.1,71.2,1863,0,0,246,247,82,point,,,,,,,,,,
9/7/2021 19:41,82.2,74.3,69.7,29.88,29,29.88,0,87.3,71.3,1866,0,0,247,247,82,point,,,,,,,,,,
9/7/2021 19:42,82,74.1,69.7,29.88,29,29.88,0,86.9,71.1,1851,0,0,246,246,81.9,point,,,,,,,,,,
9/7/2021 19:42,82,74.1,69.7,29.88,33,29.88,0,86.9,71.1,1851,0,0,246,246,81.9,point,,,,,,,,,,
9/7/2021 19:43,81.9,74.1,69.8,29.88,33,29.88,0,86.9,71.1,1846,0,0,246,246,81.9,point,,,,,,,,,,
9/7/2021 19:43,82,74.3,69.9,29.88,33,29.88,0,86.9,71.2,1853,0,0,247,247,81.9,point,,,,,,,,,,
9/7/2021 19:44,81.9,74.1,69.9,29.88,33,29.88,0,86.9,71.1,1846,0,0,246,247,81.9,point,,,,,,,,,,
9/7/2021 19:44,81.7,73.9,70.1,29.88,33,29.88,0,86.4,71,1831,0,0,247,247,81.5,point,,,,,,,,,,
9/7/2021 19:45,81.5,73.9,70.4,29.88,33,29.88,0,86.4,70.9,1816,0,0,246,247,81.5,point,,,,,,,,,,
9/7/2021 19:45,81.6,74.1,70.6,29.88,33,29.88,0,86.5,71.1,1829,0,0,247,247,81.5,point,,,,,,,,,,
9/7/2021 19:46,81.6,74.1,70.8,29.88,33,29.88,0,86.5,71.2,1829,0,0,246,247,81.5,point,,,,,,,,,,
9/7/2021 19:46,81.6,74.1,71,29.88,29,29.88,0,86.5,71.3,1829,0,0,246,247,81.5,point,,,,,,,,,,
9/7/2021 19:47,81.5,74.1,71,29.88,29,29.88,0,86.5,71.2,1821,0,0,246,246,81.5,point,,,,,,,,,,
9/7/2021 19:47,81.5,74.1,71.2,29.88,28,29.88,0,86.5,71.3,1816,0,0,246,247,81.5,point,,,,,,,,,,
9/7/2021 19:48,81.4,74.1,71.3,29.88,29,29.88,0,86.4,71.3,1816,0,0,246,247,81.3,point,,,,,,,,,,
9/7/2021 19:48,81.2,74.1,71.5,29.88,29,29.88,0,86,71.2,1807,0,0,246,247,81.1,point,,,,,,,,,,
9/7/2021 19:49,81.2,74.1,71.7,29.88,33,29.88,0,86.2,71.2,1807,0,0,245,246,81.1,point,,,,,,,,,,
9/7/2021 19:49,81.2,73.9,71.8,29.88,29,29.88,0,86.2,71.2,1797,0,0,246,247,81.1,point,,,,,,,,,,
9/7/2021 19:50,81.1,73.9,71.9,29.88,33,29.88,0,85.8,71.1,1792,0,0,246,247,81,point,,,,,,,,,,
9/7/2021 19:50,81.1,73.9,72,29.88,29,29.88,0,85.8,71.2,1794,0,0,247,248,81,point,,,,,,,,,,
9/7/2021 19:51,81,73.9,72,29.88,29,29.88,0,85.8,71.1,1784,0,0,246,247,81,point,,,,,,,,,,
9/7/2021 19:51,80.9,73.9,72,29.88,29,29.88,0,85.5,71,1780,0,0,246,247,80.8,point,,,,,,,,,,
9/7/2021 19:52,80.8,73.8,72.1,29.88,29,29.88,0,85.5,70.9,1771,0,0,247,247,80.8,point,,,,,,,,,,
9/7/2021 19:52,80.8,73.8,72.1,29.88,28,29.88,0,85.5,71,1775,0,0,247,247,80.8,point,,,,,,,,,,
9/7/2021 19:53,81.1,73.9,72,29.88,29,29.88,0,85.8,71.2,1794,0,0,246,247,81,point,,,,,,,,,,
9/7/2021 19:53,80.9,73.9,72,29.88,28,29.89,0,85.5,71,1775,0,0,247,248,80.8,point,,,,,,,,,,
9/7/2021 19:54,80.8,73.8,72.1,29.88,28,29.88,0,85.5,70.9,1771,0,0,246,246,80.8,point,,,,,,,,,,
9/7/2021 19:54,80.7,73.8,72.1,29.88,29,29.88,0,85.1,70.9,1767,0,0,246,246,80.6,point,,,,,,,,,,
9/7/2021 19:55,80.7,73.6,72.2,29.88,29,29.88,0,85.1,70.9,1762,0,0,246,247,80.6,point,,,,,,,,,,
9/7/2021 19:55,81.4,74.3,72.2,29.88,29,29.88,0,86.5,71.6,1814,0,0,246,247,81.3,point,,,,,,,,,,
9/7/2021 19:56,81.3,74.3,72.3,29.88,28,29.88,0,86.2,71.5,1807,0,0,246,247,81.1,point,,,,,,,,,,
9/7/2021 19:56,81.1,74.1,72.3,29.88,29,29.88,0,86,71.3,1789,0,0,246,246,81,point,,,,,,,,,,
9/7/2021 19:57,80.8,73.8,72.5,29.88,24,29.89,0,85.6,71.1,1767,0,0,247,247,80.8,point,,,,,,,,,,
9/7/2021 19:57,80.7,73.8,72.6,29.88,28,29.88,0,85.3,71.1,1771,0,0,247,247,80.6,point,,,,,,,,,,
9/7/2021 19:58,80.9,73.9,72.7,29.88,28,29.88,0,85.6,71.3,1782,0,0,246,247,80.8,point,,,,,,,,,,
9/7/2021 19:58,80.7,73.9,72.8,29.88,28,29.89,0,85.3,71.2,1765,0,0,246,247,80.6,point,,,,,,,,,,
9/7/2021 19:59,80.6,73.8,73,29.89,24,29.89,0,84.9,71.1,1752,0,0,246,246,80.4,point,,,,,,,,,,
9/7/2021 19:59,80.6,73.9,73.1,29.88,28,29.88,0,85.1,71.2,1757,0,0,246,246,80.4,point,,,,,,,,,,
9/7/2021 20:00,80.5,73.9,73.2,29.89,24,29.89,0,85.1,71.2,1752,0,0,247,247,80.4,point,,,,,,,,,,
9/7/2021 20:00,80.4,73.8,73.3,29.88,28,29.89,0,84.7,71.1,1743,0,0,247,247,80.4,point,,,,,,,,,,
9/7/2021 20:01,80.4,73.8,73.5,29.89,24,29.89,0,84.7,71.1,1740,0,0,247,248,80.4,point,,,,,,,,,,
9/7/2021 20:01,80.6,73.9,73.6,29.89,24,29.89,0,85.1,71.3,1755,0,0,247,247,80.4,point,,,,,,,,,,
9/7/2021 20:02,80.4,73.8,73.7,29.89,24,29.89,0,84.9,71.2,1743,0,0,246,246,80.2,point,,,,,,,,,,
9/7/2021 20:02,80.3,73.8,73.8,29.89,24,29.89,0,84.9,71.2,1735,0,0,247,247,80.2,point,,,,,,,,,,
9/7/2021 20:03,80.2,73.8,73.8,29.88,24,29.89,0,84.6,71.1,1733,0,0,246,247,80.1,point,,,,,,,,,,
9/7/2021 20:03,80.4,73.8,73.9,29.89,21,29.89,0,84.9,71.3,1738,0,0,246,247,80.2,point,,,,,,,,,,
9/7/2021 20:04,80.2,73.8,73.9,29.88,28,29.89,0,84.9,71.2,1735,0,0,247,247,80.2,point,,,,,,,,,,
9/7/2021 20:04,80.2,73.8,73.9,29.88,24,29.89,0,84.6,71.1,1730,0,0,246,246,80.1,point,,,,,,,,,,
9/7/2021 20:05,80.1,73.6,74,29.89,24,29.89,0,84.6,71,1723,0,0,246,247,80.1,point,,,,,,,,,,
9/7/2021 20:05,80,73.6,74.1,29.89,21,29.89,0,84.4,71,1715,0,0,246,246,79.9,point,,,,,,,,,,
9/7/2021 20:06,80.1,73.6,74.2,29.89,24,29.89,0,84.6,71.1,1723,0,0,247,247,80.1,point,,,,,,,,,,
9/7/2021 20:06,80,73.6,74.2,29.88,28,29.89,0,84.4,71.1,1718,0,0,246,247,79.9,point,,,,,,,,,,
9/7/2021 20:07,79.9,73.6,74.3,29.89,21,29.89,0,84.4,71,1708,0,0,247,247,79.9,point,,,,,,,,,,
9/7/2021 20:07,80.1,73.8,74.3,29.89,21,29.89,0,84.6,71.2,1720,0,0,246,247,80.1,point,,,,,,,,,,
9/7/2021 20:08,80.4,73.9,74.4,29.89,24,29.89,0,84.9,71.5,1743,0,0,247,247,80.2,point,,,,,,,,,,
9/7/2021 20:08,80.1,73.8,74.4,29.88,24,29.89,0,84.7,71.2,1725,0,0,246,246,80.1,point,,,,,,,,,,
9/7/2021 20:09,80,73.8,74.5,29.88,24,29.89,0,84.4,71.2,1723,0,0,246,247,79.9,point,,,,,,,,,,
9/7/2021 20:09,79.9,73.6,74.7,29.89,21,29.89,0,84.4,71.1,1706,0,0,245,246,79.9,point,,,,,,,,,,
9/7/2021 20:10,79.8,73.6,74.8,29.89,21,29.89,0,84,71,1701,0,0,247,247,79.7,point,,,,,,,,,,
9/7/2021 20:10,79.7,73.6,74.9,29.89,21,29.89,0,83.7,71,1693,0,0,246,247,79.5,point,,,,,,,,,,
9/7/2021 20:11,79.6,73.4,75,29.89,21,29.89,0,83.7,71,1686,0,0,247,248,79.5,point,,,,,,,,,,
9/7/2021 20:11,79.6,73.4,75.1,29.89,21,29.89,0,83.8,70.9,1683,0,0,247,247,79.5,point,,,,,,,,,,
9/7/2021 20:12,79.6,73.4,75.1,29.89,21,29.89,0,83.8,71,1686,0,0,247,247,79.5,point,,,,,,,,,,
9/7/2021 20:12,79.5,73.4,75.2,29.89,21,29.89,0,83.7,71,1683,0,0,246,247,79.5,point,,,,,,,,,,
9/7/2021 20:13,79.5,73.4,75.3,29.89,21,29.89,0,83.7,71,1678,0,0,246,247,79.3,point,,,,,,,,,,
9/7/2021 20:13,79.7,73.6,75.4,29.89,21,29.89,0,83.8,71.2,1693,0,0,246,247,79.5,point,,,,,,,,,,
9/7/2021 20:14,79.7,73.6,75.5,29.89,19,29.89,0,84.2,71.3,1696,0,0,247,247,79.7,point,,,,,,,,,,
9/7/2021 20:14,79.5,73.4,75.6,29.9,19,29.9,0,83.7,71.1,1678,0,0,247,247,79.3,point,,,,,,,,,,
9/7/2021 20:15,79.5,73.4,75.6,29.89,21,29.89,0,83.7,71.1,1681,0,0,247,247,79.3,point,,,,,,,,,,
9/7/2021 20:15,79.4,73.4,75.7,29.89,19,29.89,0,83.7,71,1676,0,0,247,248,79.3,point,,,,,,,,,,
9/7/2021 20:16,79.6,73.6,75.7,29.89,21,29.89,0,84,71.3,1693,0,0,247,247,79.5,point,,,,,,,,,,
9/7/2021 20:16,79.6,73.6,75.8,29.89,21,29.89,0,84,71.3,1698,0,0,247,247,79.5,point,,,,,,,,,,
9/7/2021 20:17,79.5,73.6,75.8,29.89,19,29.89,0,83.7,71.2,1683,0,0,247,248,79.5,point,,,,,,,,,,
9/7/2021 20:17,79.8,73.8,75.9,29.89,21,29.89,0,84.4,71.5,1701,0,0,247,247,79.7,point,,,,,,,,,,
9/7/2021 20:18,79.5,73.6,76.1,29.89,19,29.89,0,83.7,71.3,1681,0,0,246,247,79.3,point,,,,,,,,,,
9/7/2021 20:18,79.3,73.6,76.2,29.89,21,29.89,0,83.5,71.2,1674,0,0,247,248,79.2,point,,,,,,,,,,
9/7/2021 20:19,79.2,73.4,76.3,29.89,21,29.89,0,83.5,71.1,1664,0,0,246,247,79.2,point,,,,,,,,,,
9/7/2021 20:19,79.3,73.6,76.4,29.89,21,29.89,0,83.5,71.2,1669,0,0,246,247,79.2,point,,,,,,,,,,
9/7/2021 20:20,79.3,73.6,76.5,29.89,19,29.9,0,83.5,71.3,1669,0,0,246,247,79.2,point,,,,,,,,,,
9/7/2021 20:20,79.2,73.4,76.6,29.89,19,29.89,0,83.5,71.2,1661,0,0,246,246,79.2,point,,,,,,,,,,
9/7/2021 20:21,79.3,73.6,76.7,29.89,21,29.89,0,83.5,71.3,1671,0,0,246,246,79.2,point,,,,,,,,,,
9/7/2021 20:21,79.3,73.8,76.7,29.89,21,29.89,0,83.5,71.3,1674,0,0,246,247,79.2,point,,,,,,,,,,
9/7/2021 20:22,79.4,73.8,76.7,29.89,19,29.89,0,83.8,71.4,1678,0,0,246,246,79.3,point,,,,,,,,,,
9/7/2021 20:22,79.4,73.8,76.7,29.89,24,29.89,0,83.8,71.5,1686,0,0,247,247,79.3,point,,,,,,,,,,
9/7/2021 20:23,79.4,73.8,76.7,29.89,21,29.89,0,83.8,71.5,1683,0,0,247,248,79.3,point,,,,,,,,,,
9/7/2021 20:23,79.3,73.8,76.8,29.9,19,29.9,0,83.5,71.4,1671,0,0,247,247,79.2,point,,,,,,,,,,
9/7/2021 20:24,79.1,73.4,76.8,29.89,19,29.89,0,83.3,71.2,1659,0,0,247,248,79,point,,,,,,,,,,
9/7/2021 20:24,79.1,73.4,76.9,29.89,19,29.89,0,83.3,71.2,1656,0,0,247,248,79,point,,,,,,,,,,
9/7/2021 20:25,79.1,73.4,76.9,29.89,19,29.89,0,83.3,71.3,1659,0,0,247,247,79,point,,,,,,,,,,
9/7/2021 20:25,79.1,73.4,77,29.9,19,29.9,0,83.3,71.3,1654,0,0,247,247,79,point,,,,,,,,,,
9/7/2021 20:26,79,73.4,77.1,29.89,19,29.89,0,83.3,71.2,1654,0,0,246,247,79,point,,,,,,,,,,
9/7/2021 20:26,78.9,73.4,77.2,29.89,19,29.89,0,82.9,71.2,1646,0,0,247,247,78.8,point,,,,,,,,,,
9/7/2021 20:27,78.8,73.2,77.3,29.9,19,29.9,0,82.9,71.1,1634,0,0,247,248,78.8,point,,,,,,,,,,
9/7/2021 20:27,78.8,73.2,77.4,29.89,19,29.89,0,82.6,71.1,1634,0,0,247,248,78.6,point,,,,,,,,,,
9/7/2021 20:28,78.8,73.4,77.5,29.9,16,29.9,0,82.9,71.2,1639,0,0,246,247,78.8,point,,,,,,,,,,
9/7/2021 20:28,78.8,73.4,77.7,29.9,16,29.9,0,82.6,71.2,1634,0,0,246,247,78.6,point,,,,,,,,,,
9/7/2021 20:29,78.8,73.4,77.8,29.9,16,29.9,0,83.1,71.3,1639,0,0,247,247,78.8,point,,,,,,,,,,
9/7/2021 20:29,78.7,73.4,77.9,29.9,19,29.9,0,82.8,71.2,1629,0,0,246,247,78.6,point,,,,,,,,,,
9/7/2021 20:30,78.7,73.4,78.1,29.9,16,29.9,0,82.8,71.3,1629,0,0,247,247,78.6,point,,,,,,,,,,
9/7/2021 20:30,78.7,73.6,78.2,29.9,19,29.9,0,82.8,71.3,1629,0,0,247,248,78.6,point,,,,,,,,,,
9/7/2021 20:31,78.8,73.6,78.3,29.9,19,29.9,0,83.1,71.4,1637,0,0,247,248,78.8,point,,,,,,,,,,
9/7/2021 20:31,78.8,73.6,78.3,29.9,16,29.9,0,83.1,71.5,1637,0,0,247,248,78.8,point,,,,,,,,,,
9/7/2021 20:32,78.6,73.4,78.4,29.89,19,29.89,0,82.8,71.4,1629,0,0,247,247,78.6,point,,,,,,,,,,
9/7/2021 20:32,78.7,73.6,78.5,29.9,19,29.9,0,82.8,71.5,1634,0,0,247,248,78.6,point,,,,,,,,,,
9/7/2021 20:33,78.5,73.4,78.7,29.89,19,29.89,0,82.6,71.4,1627,0,0,247,248,78.4,point,,,,,,,,,,
9/7/2021 20:33,78.8,73.6,78.8,29.9,19,29.9,0,83.3,71.6,1641,0,0,247,248,78.8,point,,,,,,,,,,
9/7/2021 20:34,78.7,73.6,78.8,29.89,21,29.89,0,82.9,71.6,1637,0,0,248,248,78.6,point,,,,,,,,,,
9/7/2021 20:34,78.8,73.8,79,29.9,19,29.9,0,83.3,71.7,1641,0,0,247,247,78.8,point,,,,,,,,,,
9/7/2021 20:35,79.1,74.1,79,29.89,19,29.89,0,83.7,72.1,1669,0,0,246,247,79,point,,,,,,,,,,
9/7/2021 20:35,78.9,73.9,79.2,29.9,16,29.9,0,83.3,71.9,1646,0,0,248,248,78.8,point,,,,,,,,,,
9/7/2021 20:36,78.8,73.9,79.3,29.89,19,29.89,0,83.5,71.9,1646,0,0,247,247,78.8,point,,,,,,,,,,
9/7/2021 20:36,78.8,73.9,79.5,29.89,21,29.89,0,83.5,71.9,1646,0,0,248,248,78.8,point,,,,,,,,,,
9/7/2021 20:37,78.6,73.8,79.7,29.89,21,29.89,0,83.1,71.8,1637,0,0,246,247,78.6,point,,,,,,,,,,
9/7/2021 20:37,78.6,73.8,79.8,29.89,21,29.89,0,82.8,71.8,1634,0,0,246,247,78.4,point,,,,,,,,,,
9/7/2021 20:38,78.7,73.8,79.8,29.89,19,29.89,0,83.1,71.9,1639,0,0,247,248,78.6,point,,,,,,,,,,
9/7/2021 20:38,79.1,74.1,79.9,29.89,19,29.89,0,83.8,72.4,1671,0,0,246,246,79,point,,,,,,,,,,
9/7/2021 20:39,78.8,73.9,79.9,29.89,21,29.89,0,83.5,72.1,1654,0,0,246,247,78.8,point,,,,,,,,,,
9/7/2021 20:39,78.7,73.8,79.9,29.89,21,29.89,0,83.1,71.9,1639,0,0,247,248,78.6,point,,,,,,,,,,
9/7/2021 20:40,78.5,73.6,80,29.89,21,29.89,0,82.8,71.8,1627,0,0,247,247,78.4,point,,,,,,,,,,
9/7/2021 20:40,78.9,74.1,80,29.9,16,29.9,0,83.5,72.2,1656,0,0,247,248,78.8,point,,,,,,,,,,
9/7/2021 20:41,79.1,74.1,80,29.89,19,29.89,0,83.8,72.4,1671,0,0,246,247,79,point,,,,,,,,,,
9/7/2021 20:41,78.8,73.9,80,29.89,19,29.89,0,83.5,72.1,1649,0,0,246,247,78.8,point,,,,,,,,,,
9/7/2021 20:42,78.9,74.1,80,29.89,19,29.89,0,83.5,72.2,1659,0,0,247,247,78.8,point,,,,,,,,,,
9/7/2021 20:42,78.9,73.9,80,29.9,16,29.9,0,83.5,72.2,1651,0,0,247,247,78.8,point,,,,,,,,,,
9/7/2021 20:43,78.7,73.8,80.1,29.89,21,29.89,0,83.1,72,1639,0,0,247,247,78.6,point,,,,,,,,,,
9/7/2021 20:43,78.8,73.9,80.1,29.9,16,29.9,0,83.1,72.1,1644,0,0,246,247,78.6,point,,,,,,,,,,
9/7/2021 20:44,78.7,73.9,80.1,29.9,16,29.9,0,83.1,72,1639,0,0,247,247,78.6,point,,,,,,,,,,
9/7/2021 20:44,78.8,73.9,80,29.9,16,29.9,0,83.1,72.1,1644,0,0,248,248,78.6,point,,,,,,,,,,
9/7/2021 20:45,78.8,73.9,80.1,29.9,16,29.9,0,83.1,72.1,1644,0,0,247,248,78.6,point,,,,,,,,,,
9/7/2021 20:45,78.6,73.8,80.2,29.9,16,29.9,0,83.1,72,1632,0,0,247,247,78.6,point,,,,,,,,,,
9/7/2021 20:46,78.6,73.8,80.3,29.89,19,29.89,0,82.8,72,1634,0,0,247,248,78.4,point,,,,,,,,,,
9/7/2021 20:46,78.9,74.1,80.4,29.9,16,29.9,0,83.5,72.3,1651,0,0,247,248,78.8,point,,,,,,,,,,
9/7/2021 20:47,79.1,74.3,80.3,29.9,16,29.9,0,83.8,72.5,1661,0,0,247,247,79,point,,,,,,,,,,
9/7/2021 20:47,78.9,74.1,80.3,29.9,16,29.9,0,83.5,72.3,1651,0,0,247,247,78.8,point,,,,,,,,,,
9/7/2021 20:48,78.9,74.1,80.4,29.9,19,29.9,0,83.5,72.4,1656,0,0,247,248,78.8,point,,,,,,,,,,
9/7/2021 20:48,78.8,73.9,80.4,29.9,19,29.9,0,83.1,72.2,1644,0,0,247,247,78.6,point,,,,,,,,,,
9/7/2021 20:49,79.4,74.5,80.3,29.9,16,29.9,0,84.6,72.8,1688,0,0,247,247,79.3,point,,,,,,,,,,
9/7/2021 20:49,79.3,74.5,80.2,29.9,16,29.9,0,84.2,72.7,1683,0,0,247,247,79.2,point,,,,,,,,,,
9/7/2021 20:50,79.1,74.3,80.1,29.9,16,29.9,0,83.8,72.4,1669,0,0,247,247,79,point,,,,,,,,,,
9/7/2021 20:50,78.8,73.9,80.1,29.89,19,29.89,0,83.1,72.1,1646,0,0,247,248,78.6,point,,,,,,,,,,
9/7/2021 20:51,78.7,73.8,80.1,29.9,14,29.9,0,83.1,72,1632,0,0,247,248,78.6,point,,,,,,,,,,
9/7/2021 20:51,78.7,73.8,80.1,29.9,16,29.9,0,83.1,72,1637,0,0,247,247,78.6,point,,,,,,,,,,
9/7/2021 20:52,79.1,74.1,80,29.9,16,29.9,0,83.8,72.4,1661,0,0,247,247,79,point,,,,,,,,,,
9/7/2021 20:52,79.2,74.3,80,29.9,16,29.9,0,84.2,72.5,1674,0,0,247,248,79.2,point,,,,,,,,,,
9/7/2021 20:53,79.1,74.1,79.9,29.9,16,29.9,0,83.8,72.3,1666,0,0,247,247,79,point,,,,,,,,,,
9/7/2021 20:53,78.9,73.9,79.9,29.9,19,29.9,0,83.5,72.2,1654,0,0,246,247,78.8,point,,,,,,,,,,
9/7/2021 20:54,78.9,73.9,79.9,29.9,16,29.9,0,83.5,72.2,1651,0,0,246,247,78.8,point,,,,,,,,,,
9/7/2021 20:54,78.8,73.9,79.9,29.9,16,29.9,0,83.5,72.1,1644,0,0,247,247,78.8,point,,,,,,,,,,
9/7/2021 20:55,79.3,74.5,79.9,29.9,16,29.9,0,84.2,72.5,1681,0,0,246,247,79.2,point,,,,,,,,,,
9/7/2021 20:55,78.9,73.9,79.9,29.9,19,29.9,0,83.5,72.2,1656,0,0,246,246,78.8,point,,,,,,,,,,
9/7/2021 20:56,78.9,73.9,79.9,29.89,19,29.89,0,83.5,72.1,1654,0,0,247,248,78.8,point,,,,,,,,,,
9/7/2021 20:56,78.9,73.9,79.9,29.9,16,29.9,0,83.5,72.1,1646,0,0,247,247,78.8,point,,,,,,,,,,
9/7/2021 20:57,78.8,73.9,79.9,29.9,19,29.9,0,83.5,72.1,1644,0,0,247,247,78.8,point,,,,,,,,,,
9/7/2021 20:57,78.9,73.9,80,29.9,16,29.9,0,83.5,72.2,1651,0,0,246,247,78.8,point,,,,,,,,,,
9/7/2021 20:58,79.2,74.3,80,29.9,16,29.9,0,84.2,72.5,1676,0,0,247,247,79.2,point,,,,,,,,,,
9/7/2021 20:58,79,74.1,80.1,29.9,16,29.9,0,83.8,72.4,1661,0,0,247,247,79,point,,,,,,,,,,
9/7/2021 20:59,79.1,74.3,80.2,29.9,16,29.9,0,83.8,72.5,1666,0,0,247,248,79,point,,,,,,,,,,
9/7/2021 20:59,78.9,74.1,80.2,29.9,16,29.9,0,83.5,72.3,1654,0,0,246,246,78.8,point,,,,,,,,,,
9/7/2021 21:00,78.8,73.9,80.3,29.9,16,29.9,0,83.5,72.2,1641,0,0,246,247,78.8,point,,,,,,,,,,
9/7/2021 21:00,78.7,73.9,80.3,29.9,19,29.9,0,83.1,72.1,1637,0,0,247,248,78.6,point,,,,,,,,,,
9/7/2021 21:01,78.6,73.8,80.3,29.9,16,29.9,0,82.8,72,1627,0,0,247,248,78.4,point,,,,,,,,,,
9/7/2021 21:01,78.7,73.9,80.3,29.9,19,29.9,0,83.1,72.1,1637,0,0,247,247,78.6,point,,,,,,,,,,
9/7/2021 21:02,78.9,74.1,80.3,29.9,19,29.9,0,83.5,72.3,1651,0,0,247,247,78.8,point,,,,,,,,,,
9/7/2021 21:02,78.8,74.1,80.3,29.9,16,29.9,0,83.5,72.2,1649,0,0,247,248,78.8,point,,,,,,,,,,
9/7/2021 21:03,78.8,73.9,80.3,29.9,19,29.9,0,83.1,72.2,1644,0,0,246,247,78.6,point,,,,,,,,,,
9/7/2021 21:03,79.2,74.3,80.3,29.9,16,29.9,0,84.2,72.6,1669,0,0,247,247,79.2,point,,,,,,,,,,
9/7/2021 21:04,78.9,74.1,80.3,29.9,19,29.9,0,83.5,72.3,1656,0,0,247,247,78.8,point,,,,,,,,,,
9/7/2021 21:04,78.8,73.9,80.3,29.9,16,29.9,0,83.5,72.2,1644,0,0,246,247,78.8,point,,,,,,,,,,
9/7/2021 21:05,79,74.1,80.3,29.9,16,29.9,0,83.8,72.4,1656,0,0,247,248,79,point,,,,,,,,,,
9/7/2021 21:05,79.1,74.3,80.3,29.9,19,29.9,0,83.8,72.5,1669,0,0,246,247,79,point,,,,,,,,,,
9/7/2021 21:06,78.8,73.9,80.2,29.9,16,29.9,0,83.5,72.2,1641,0,0,246,247,78.8,point,,,,,,,,,,
9/7/2021 21:06,78.6,73.8,80.2,29.9,14,29.9,0,82.8,72,1624,0,0,246,247,78.4,point,,,,,,,,,,
9/7/2021 21:07,78.5,73.8,80.2,29.9,14,29.9,0,82.8,71.9,1622,0,0,247,247,78.4,point,,,,,,,,,,
9/7/2021 21:07,78.5,73.8,80.2,29.9,14,29.9,0,82.8,71.9,1614,0,0,247,247,78.4,point,,,,,,,,,,
9/7/2021 21:08,78.6,73.8,80.2,29.9,14,29.9,0,83.1,72,1627,0,0,247,248,78.6,point,,,,,,,,,,
9/7/2021 21:08,78.5,73.8,80.3,29.9,16,29.9,0,82.8,72,1624,0,0,247,247,78.4,point,,,,,,,,,,
9/7/2021 21:09,78.5,73.8,80.4,29.9,14,29.9,0,82.8,71.9,1619,0,0,246,247,78.4,point,,,,,,,,,,
9/7/2021 21:09,78.8,74.1,80.5,29.9,14,29.9,0,83.3,72.2,1644,0,0,248,248,78.6,point,,,,,,,,,,
9/7/2021 21:10,79.6,74.8,80.5,29.9,14,29.9,0,85.1,73,1698,0,0,247,247,79.5,point,,,,,,,,,,
9/7/2021 21:10,79.2,74.5,80.7,29.9,14,29.9,0,84.4,72.7,1674,0,0,247,247,79.2,point,,,,,,,,,,
9/7/2021 21:11,78.8,74.3,80.7,29.9,11,29.9,0,83.7,72.4,1646,0,0,247,248,78.8,point,,,,,,,,,,
9/7/2021 21:11,78.7,74.1,80.8,29.9,11,29.9,0,83.3,72.3,1637,0,0,247,248,78.6,point,,,,,,,,,,
9/7/2021 21:12,78.9,74.3,80.9,29.9,14,29.9,0,83.7,72.5,1651,0,0,247,248,78.8,point,,,,,,,,,,
9/7/2021 21:12,78.7,74.1,81,29.9,14,29.9,0,83.3,72.3,1634,0,0,246,247,78.6,point,,,,,,,,,,
9/7/2021 21:13,78.5,73.9,81,29.9,11,29.9,0,82.9,72.2,1622,0,0,247,248,78.4,point,,,,,,,,,,
9/7/2021 21:13,78.4,73.9,81.1,29.9,11,29.9,0,82.6,72.1,1612,0,0,247,247,78.3,point,,,,,,,,,,
9/7/2021 21:14,78.5,74.1,81.2,29.9,11,29.9,0,82.9,72.3,1624,0,0,247,247,78.4,point,,,,,,,,,,
9/7/2021 21:14,78.5,74.1,81.2,29.9,11,29.9,0,82.9,72.3,1622,0,0,247,247,78.4,point,,,,,,,,,,
9/7/2021 21:15,78.5,74.1,81.2,29.9,11,29.9,0,82.9,72.3,1624,0,0,247,247,78.4,point,,,,,,,,,,
9/7/2021 21:15,78.9,74.5,81.2,29.9,11,29.9,0,83.7,72.7,1649,0,0,246,247,78.8,point,,,,,,,,,,
9/7/2021 21:16,78.7,74.1,81.2,29.9,11,29.9,0,83.3,72.4,1634,0,0,247,247,78.6,point,,,,,,,,,,
9/7/2021 21:16,78.6,74.1,81.1,29.9,14,29.9,0,83.3,72.3,1632,0,0,246,246,78.6,point,,,,,,,,,,
9/7/2021 21:17,78.5,74.1,81.1,29.9,11,29.9,0,82.9,72.2,1624,0,0,247,248,78.4,point,,,,,,,,,,
9/7/2021 21:17,78.4,73.9,81.1,29.9,11,29.9,0,82.6,72.1,1612,0,0,247,248,78.4,point,,,,,,,,,,
9/7/2021 21:18,78.6,74.1,81,29.9,11,29.9,0,82.9,72.3,1624,0,0,247,247,78.4,point,,,,,,,,,,
9/7/2021 21:18,78.4,73.9,81,29.9,11,29.9,0,82.6,72.1,1614,0,0,247,247,78.4,point,,,,,,,,,,
9/7/2021 21:19,78.4,73.9,81,29.9,11,29.9,0,82.6,72.1,1612,0,0,247,248,78.4,point,,,,,,,,,,
9/7/2021 21:19,78.3,73.8,81,29.9,11,29.9,0,82.6,72,1607,0,0,247,247,78.3,point,,,,,,,,,,
9/7/2021 21:20,78.3,73.8,81,29.9,11,29.9,0,82.6,72,1607,0,0,247,247,78.3,point,,,,,,,,,,
9/7/2021 21:20,78.4,73.9,81,29.9,11,29.9,0,82.6,72.1,1612,0,0,247,247,78.3,point,,,,,,,,,,
9/7/2021 21:21,78.2,73.8,81,29.9,8,29.9,0,82.2,71.9,1595,0,0,247,248,78.1,point,,,,,,,,,,
9/7/2021 21:21,78.2,73.8,81.1,29.9,8,29.9,0,82.2,71.9,1595,0,0,247,247,78.1,point,,,,,,,,,,
9/7/2021 21:22,78.4,73.9,81.1,29.9,8,29.9,0,82.6,72.1,1609,0,0,247,248,78.3,point,,,,,,,,,,
9/7/2021 21:22,78.4,73.9,81.1,29.9,11,29.9,0,82.6,72.1,1609,0,0,247,247,78.3,point,,,,,,,,,,
9/7/2021 21:23,78.3,73.8,81.1,29.9,11,29.9,0,82.6,72,1600,0,0,247,248,78.3,point,,,,,,,,,,
9/7/2021 21:23,78.2,73.8,81.1,29.9,11,29.9,0,82.2,71.9,1595,0,0,247,247,78.1,point,,,,,,,,,,
9/7/2021 21:24,78.1,73.6,81.1,29.9,8,29.9,0,82.2,71.8,1585,0,0,247,247,78.1,point,,,,,,,,,,
9/7/2021 21:24,78.1,73.6,81.1,29.9,11,29.9,0,82.2,71.8,1587,0,0,247,247,78.1,point,,,,,,,,,,
9/7/2021 21:25,78.2,73.8,81.1,29.9,11,29.9,0,82.2,72,1597,0,0,247,248,78.1,point,,,,,,,,,,
9/7/2021 21:25,78.3,73.8,81.2,29.9,11,29.9,0,82.6,72.1,1605,0,0,247,248,78.3,point,,,,,,,,,,
9/7/2021 21:26,78.2,73.8,81.3,29.9,8,29.91,0,82.2,71.9,1587,0,0,247,247,78.1,point,,,,,,,,,,
9/7/2021 21:26,78.1,73.8,81.4,29.9,8,29.9,0,82.2,71.9,1587,0,0,246,247,78.1,point,,,,,,,,,,
9/7/2021 21:27,78.2,73.8,81.5,29.9,11,29.9,0,82.2,72,1590,0,0,248,248,78.1,point,,,,,,,,,,
9/7/2021 21:27,78.1,73.8,81.5,29.9,11,29.9,0,82.2,72,1590,0,0,247,248,78.1,point,,,,,,,,,,
9/7/2021 21:28,78,73.8,81.6,29.9,11,29.9,0,81.9,71.9,1582,0,0,247,247,77.9,point,,,,,,,,,,
9/7/2021 21:28,77.9,73.4,81.8,29.9,11,29.9,0,81.5,71.8,1577,0,0,247,248,77.7,point,,,,,,,,,,
9/7/2021 21:29,78,73.6,81.9,29.9,11,29.9,0,81.9,72,1580,0,0,247,247,77.9,point,,,,,,,,,,
9/7/2021 21:29,77.9,73.6,82,29.9,11,29.9,0,81.7,71.9,1577,0,0,246,247,77.7,point,,,,,,,,,,
9/7/2021 21:30,77.7,73.4,82,29.9,8,29.9,0,81.7,71.8,1565,0,0,246,247,77.7,point,,,,,,,,,,
9/7/2021 21:30,77.7,73.4,82.1,29.9,11,29.9,0,81.3,71.8,1560,0,0,247,247,77.5,point,,,,,,,,,,
9/7/2021 21:31,77.6,73.4,82.2,29.9,11,29.9,0,81.3,71.8,1558,0,0,247,247,77.5,point,,,,,,,,,,
9/7/2021 21:31,77.8,73.6,82.3,29.9,11,29.9,0,81.7,71.9,1572,0,0,246,247,77.7,point,,,,,,,,,,
9/7/2021 21:32,77.6,73.6,82.4,29.9,11,29.9,0,81.3,71.9,1563,0,0,246,247,77.5,point,,,,,,,,,,
9/7/2021 21:32,77.6,73.4,82.5,29.9,8,29.9,0,81.3,71.8,1558,0,0,246,247,77.5,point,,,,,,,,,,
9/7/2021 21:33,77.5,73.4,82.6,29.9,11,29.9,0,81,71.8,1553,0,0,247,248,77.4,point,,,,,,,,,,
9/7/2021 21:33,77.5,73.4,82.6,29.9,14,29.9,0,81,71.7,1553,0,0,247,247,77.4,point,,,,,,,,,,
9/7/2021 21:34,77.5,73.4,82.6,29.9,11,29.9,0,81,71.7,1553,0,0,246,247,77.4,point,,,,,,,,,,
9/7/2021 21:34,77.5,73.4,82.6,29.9,8,29.9,0,81,71.7,1548,0,0,246,247,77.4,point,,,,,,,,,,
9/7/2021 21:35,77.5,73.4,82.6,29.9,8,29.9,0,81,71.7,1548,0,0,248,249,77.4,point,,,,,,,,,,
9/7/2021 21:35,77.4,73.4,82.7,29.9,8,29.9,0,81,71.7,1545,0,0,247,247,77.4,point,,,,,,,,,,
9/7/2021 21:36,77.5,73.4,82.8,29.9,11,29.9,0,81,71.8,1553,0,0,247,248,77.4,point,,,,,,,,,,
9/7/2021 21:36,77.4,73.4,82.8,29.9,8,29.9,0,81,71.7,1540,0,0,247,247,77.4,point,,,,,,,,,,
9/7/2021 21:37,77.6,73.6,82.9,29.9,11,29.9,0,81.3,72,1558,0,0,246,247,77.5,point,,,,,,,,,,
9/7/2021 21:37,77.5,73.6,82.9,29.9,8,29.9,0,81,71.9,1550,0,0,246,247,77.4,point,,,,,,,,,,
9/7/2021 21:38,77.5,73.6,83,29.9,11,29.9,0,81,71.9,1550,0,0,247,247,77.4,point,,,,,,,,,,
9/7/2021 21:38,77.4,73.4,83,29.9,8,29.9,0,81,71.9,1545,0,0,247,248,77.4,point,,,,,,,,,,
9/7/2021 21:39,77.5,73.6,83.1,29.9,8,29.9,0,81,72,1553,0,0,246,246,77.5,point,,,,,,,,,,
9/7/2021 21:39,77.6,73.6,83.2,29.9,11,29.9,0,81.3,72.1,1560,0,0,247,248,77.5,point,,,,,,,,,,
9/7/2021 21:40,77.8,73.8,83.2,29.9,8,29.9,0,81.9,72.3,1572,0,0,247,248,77.7,point,,,,,,,,,,
9/7/2021 21:40,77.6,73.6,83.3,29.9,8,29.9,0,81.5,72.1,1558,0,0,246,247,77.5,point,,,,,,,,,,
9/7/2021 21:41,77.4,73.4,83.4,29.9,11,29.9,0,81.1,72,1545,0,0,247,247,77.4,point,,,,,,,,,,
9/7/2021 21:41,77.4,73.4,83.4,29.9,8,29.9,0,81.1,71.9,1540,0,0,247,248,77.4,point,,,,,,,,,,
9/7/2021 21:42,77.7,73.8,83.4,29.9,8,29.91,0,81.5,72.2,1563,0,0,247,247,77.5,point,,,,,,,,,,
9/7/2021 21:42,77.5,73.6,83.4,29.9,8,29.9,0,81.1,72.1,1550,0,0,246,247,77.4,point,,,,,,,,,,
9/7/2021 21:43,77.5,73.6,83.5,29.9,8,29.91,0,81.1,72.1,1550,0,0,247,247,77.4,point,,,,,,,,,,
9/7/2021 21:43,77.5,73.6,83.6,29.9,8,29.9,0,81.1,72.1,1553,0,0,247,247,77.4,point,,,,,,,,,,
9/7/2021 21:44,77.4,73.4,83.7,29.9,8,29.91,0,81.1,72,1543,0,0,247,247,77.4,point,,,,,,,,,,
9/7/2021 21:44,77.6,73.8,83.7,29.9,8,29.91,0,81.5,72.3,1563,0,0,246,246,77.5,point,,,,,,,,,,
9/7/2021 21:45,77.5,73.6,83.8,29.9,11,29.9,0,81.1,72.2,1553,0,0,247,247,77.4,point,,,,,,,,,,
9/7/2021 21:45,77.6,73.8,83.8,29.9,8,29.9,0,81.5,72.3,1563,0,0,247,247,77.5,point,,,,,,,,,,
9/7/2021 21:46,77.6,73.8,83.9,29.9,8,29.9,0,81.5,72.3,1563,0,0,247,247,77.5,point,,,,,,,,,,
9/7/2021 21:46,77.5,73.8,83.9,29.9,8,29.91,0,81.1,72.2,1550,0,0,246,246,77.4,point,,,,,,,,,,
9/7/2021 21:47,77.5,73.8,83.9,29.9,8,29.9,0,81.1,72.3,1558,0,0,247,248,77.5,point,,,,,,,,,,
9/7/2021 21:47,77.5,73.8,83.9,29.9,8,29.91,0,81.1,72.3,1553,0,0,247,247,77.5,point,,,,,,,,,,
9/7/2021 21:48,77.6,73.8,83.8,29.9,6,29.91,0,81.5,72.3,1560,0,0,247,248,77.5,point,,,,,,,,,,
9/7/2021 21:48,77.7,73.8,83.8,29.9,8,29.91,0,81.5,72.4,1565,0,0,247,248,77.5,point,,,,,,,,,,
9/7/2021 21:49,77.6,73.8,83.8,29.9,8,29.91,0,81.5,72.3,1563,0,0,246,246,77.5,point,,,,,,,,,,
9/7/2021 21:49,77.5,73.6,83.7,29.9,8,29.91,0,81.1,72.2,1553,0,0,247,247,77.5,point,,,,,,,,,,
9/7/2021 21:50,77.4,73.6,83.8,29.9,8,29.91,0,81.1,72.1,1545,0,0,247,247,77.4,point,,,,,,,,,,
9/7/2021 21:50,77.3,73.6,84,29.9,6,29.91,0,80.8,72.1,1535,0,0,246,247,77.2,point,,,,,,,,,,
9/7/2021 21:51,77.2,73.6,84.1,29.9,6,29.91,0,80.8,72.1,1533,0,0,247,247,77.2,point,,,,,,,,,,
9/7/2021 21:51,77.4,73.6,84.1,29.9,8,29.91,0,81.1,72.2,1543,0,0,246,247,77.4,point,,,,,,,,,,
9/7/2021 21:52,77.4,73.6,84.1,29.9,6,29.91,0,81.1,72.2,1543,0,0,246,247,77.4,point,,,,,,,,,,
9/7/2021 21:52,77.2,73.6,84.1,29.9,6,29.91,0,80.8,72.1,1533,0,0,246,247,77.2,point,,,,,,,,,,
9/7/2021 21:53,77.1,73.4,84.1,29.9,8,29.91,0,80.4,71.9,1523,0,0,246,246,77,point,,,,,,,,,,
9/7/2021 21:53,77.2,73.4,84.1,29.9,8,29.91,0,80.8,72,1528,0,0,247,248,77.2,point,,,,,,,,,,
9/7/2021 21:54,77.2,73.4,84.1,29.9,8,29.91,0,80.8,72,1528,0,0,247,247,77.2,point,,,,,,,,,,
9/7/2021 21:54,77.2,73.4,84.1,29.9,6,29.91,0,80.8,72,1528,0,0,247,247,77.2,point,,,,,,,,,,
9/7/2021 21:55,77.2,73.4,84.1,29.9,8,29.9,0,80.8,72,1533,0,0,246,247,77.2,point,,,,,,,,,,
9/7/2021 21:55,77.3,73.6,84.1,29.9,8,29.91,0,80.8,72.1,1535,0,0,246,247,77.2,point,,,,,,,,,,
9/7/2021 21:56,77.6,73.9,84.2,29.9,8,29.91,0,81.5,72.4,1560,0,0,247,248,77.5,point,,,,,,,,,,
9/7/2021 21:56,77.6,73.9,84.2,29.9,8,29.9,0,81.5,72.4,1563,0,0,247,247,77.5,point,,,,,,,,,,
9/7/2021 21:57,77.5,73.8,84.2,29.9,6,29.91,0,81.1,72.3,1550,0,0,247,247,77.4,point,,,,,,,,,,
9/7/2021 21:57,77.3,73.6,84.3,29.9,8,29.9,0,80.8,72.2,1540,0,0,247,247,77.2,point,,,,,,,,,,
9/7/2021 21:58,77.2,73.6,84.4,29.9,6,29.91,0,80.8,72.1,1528,0,0,246,247,77.2,point,,,,,,,,,,
9/7/2021 21:58,77.1,73.6,84.5,29.9,8,29.9,0,80.4,72.1,1531,0,0,247,247,77,point,,,,,,,,,,
9/7/2021 21:59,77,73.4,84.6,29.9,8,29.9,0,80.6,72,1523,0,0,246,246,77,point,,,,,,,,,,
9/7/2021 21:59,77,73.4,84.7,29.9,8,29.9,0,80.6,72,1523,0,0,246,247,77,point,,,,,,,,,,
9/7/2021 22:00,76.9,73.4,84.7,29.9,8,29.91,0,80.2,72,1516,0,0,247,247,76.8,point,,,,,,,,,,
9/7/2021 22:00,76.9,73.4,84.7,29.9,8,29.91,0,80.2,71.9,1511,0,0,247,247,76.8,point,,,,,,,,,,
9/7/2021 22:01,77,73.4,84.7,29.9,8,29.91,0,80.6,72,1518,0,0,247,247,77,point,,,,,,,,,,
9/7/2021 22:01,77.1,73.6,84.7,29.9,11,29.9,0,80.6,72.2,1531,0,0,246,247,77,point,,,,,,,,,,
9/7/2021 22:02,77.1,73.4,84.7,29.9,6,29.91,0,80.6,72.1,1526,0,0,247,247,77,point,,,,,,,,,,
9/7/2021 22:02,77.1,73.6,84.7,29.9,11,29.9,0,80.6,72.2,1531,0,0,247,247,77,point,,,,,,,,,,
9/7/2021 22:03,77,73.4,84.7,29.9,6,29.91,0,80.6,72.1,1518,0,0,246,247,77,point,,,,,,,,,,
9/7/2021 22:03,76.9,73.4,84.8,29.9,8,29.9,0,80.2,72,1516,0,0,247,247,76.8,point,,,,,,,,,,
9/7/2021 22:04,76.9,73.4,84.8,29.9,6,29.91,0,80.2,71.9,1508,0,0,246,247,76.8,point,,,,,,,,,,
9/7/2021 22:04,77,73.4,84.8,29.9,6,29.91,0,80.6,72.1,1518,0,0,246,246,77,point,,,,,,,,,,
9/7/2021 22:05,77,73.4,84.8,29.9,6,29.91,0,80.6,72.1,1521,0,0,246,246,77,point,,,,,,,,,,
9/7/2021 22:05,76.9,73.4,84.8,29.9,8,29.91,0,80.2,72,1511,0,0,246,247,76.8,point,,,,,,,,,,
9/7/2021 22:06,77,73.4,84.8,29.9,8,29.91,0,80.6,72.1,1518,0,0,247,247,77,point,,,,,,,,,,
9/7/2021 22:06,76.9,73.4,84.8,29.9,6,29.91,0,80.2,72,1516,0,0,247,247,76.8,point,,,,,,,,,,
9/7/2021 22:07,76.9,73.4,84.8,29.91,6,29.91,0,80.2,71.9,1506,0,0,247,247,76.8,point,,,,,,,,,,
9/7/2021 22:07,76.9,73.4,84.9,29.91,6,29.91,0,80.2,72,1506,0,0,248,248,76.8,point,,,,,,,,,,
9/7/2021 22:08,76.8,73.4,85,29.9,6,29.91,0,79.9,71.9,1503,0,0,247,247,76.6,point,,,,,,,,,,
9/7/2021 22:08,76.8,73.4,85,29.9,6,29.91,0,79.9,71.9,1503,0,0,246,247,76.6,point,,,,,,,,,,
9/7/2021 22:09,76.8,73.4,85.1,29.9,8,29.91,0,79.9,72,1503,0,0,247,247,76.6,point,,,,,,,,,,
9/7/2021 22:09,76.9,73.4,85.1,29.9,6,29.91,0,80.2,72.1,1511,0,0,247,247,76.8,point,,,,,,,,,,
9/7/2021 22:10,77.1,73.6,85.2,29.91,6,29.91,0,80.6,72.3,1521,0,0,246,247,77,point,,,,,,,,,,
9/7/2021 22:10,77,73.6,85.3,29.9,6,29.91,0,80.6,72.2,1518,0,0,246,247,77,point,,,,,,,,,,
9/7/2021 22:11,76.9,73.4,85.4,29.9,6,29.91,0,80.2,72.2,1508,0,0,246,247,76.8,point,,,,,,,,,,
9/7/2021 22:11,76.9,73.6,85.5,29.9,8,29.9,0,80.2,72.2,1518,0,0,247,247,76.8,point,,,,,,,,,,
9/7/2021 22:12,76.9,73.6,85.7,29.91,6,29.91,0,80.2,72.3,1513,0,0,246,247,76.8,point,,,,,,,,,,
9/7/2021 22:12,76.9,73.6,85.8,29.9,8,29.91,0,80.2,72.3,1513,0,0,246,247,76.8,point,,,,,,,,,,
9/7/2021 22:13,76.8,73.6,86,29.9,8,29.9,0,80.4,72.3,1513,0,0,246,247,76.8,point,,,,,,,,,,
9/7/2021 22:13,76.8,73.8,86.2,29.9,8,29.9,0,80.4,72.4,1513,0,0,247,247,76.8,point,,,,,,,,,,
9/7/2021 22:14,76.9,73.8,86.4,29.9,8,29.91,0,80.4,72.5,1516,0,0,247,247,76.8,point,,,,,,,,,,
9/7/2021 22:14,76.9,73.8,86.6,29.9,8,29.91,0,80.4,72.6,1518,0,0,247,248,76.8,point,,,,,,,,,,
9/7/2021 22:15,76.7,73.8,86.8,29.9,8,29.9,0,80.1,72.5,1511,0,0,246,247,76.6,point,,,,,,,,,,
9/7/2021 22:15,76.7,73.8,87,29.9,8,29.9,0,80.1,72.6,1511,0,0,247,247,76.6,point,,,,,,,,,,
9/7/2021 22:16,76.6,73.6,87.2,29.9,8,29.91,0,79.7,72.5,1500,0,0,247,247,76.6,point,,,,,,,,,,
9/7/2021 22:16,76.6,73.6,87.3,29.9,8,29.91,0,79.9,72.5,1494,0,0,246,246,76.5,point,,,,,,,,,,
9/7/2021 22:17,76.5,73.6,87.4,29.9,11,29.9,0,79.9,72.5,1494,0,0,246,246,76.5,point,,,,,,,,,,
9/7/2021 22:17,76.6,73.8,87.5,29.9,8,29.9,0,79.9,72.6,1506,0,0,247,247,76.5,point,,,,,,,,,,
9/7/2021 22:18,76.5,73.6,87.6,29.9,8,29.91,0,79.9,72.6,1494,0,0,247,247,76.5,point,,,,,,,,,,
9/7/2021 22:18,76.7,73.8,87.7,29.9,8,29.91,0,80.2,72.8,1508,0,0,247,247,76.6,point,,,,,,,,,,
9/7/2021 22:19,76.7,73.9,87.8,29.91,6,29.91,0,80.2,72.8,1503,0,0,247,248,76.6,point,,,,,,,,,,
9/7/2021 22:19,76.7,73.9,87.8,29.9,8,29.91,0,80.2,72.8,1511,0,0,246,247,76.6,point,,,,,,,,,,
9/7/2021 22:20,76.6,73.8,87.8,29.9,8,29.9,0,79.9,72.7,1506,0,0,246,247,76.6,point,,,,,,,,,,
9/7/2021 22:20,76.5,73.8,87.8,29.91,6,29.91,0,79.9,72.6,1489,0,0,247,247,76.5,point,,,,,,,,,,
9/7/2021 22:21,76.4,73.6,87.8,29.9,8,29.9,0,79.5,72.5,1489,0,0,247,248,76.3,point,,,,,,,,,,
9/7/2021 22:21,76.4,73.6,87.7,29.9,8,29.91,0,79.5,72.5,1489,0,0,247,247,76.3,point,,,,,,,,,,
9/7/2021 22:22,76.4,73.6,87.7,29.9,8,29.91,0,79.5,72.4,1481,0,0,247,247,76.3,point,,,,,,,,,,
9/7/2021 22:22,76.4,73.6,87.7,29.9,8,29.91,0,79.5,72.5,1489,0,0,247,247,76.3,point,,,,,,,,,,
9/7/2021 22:23,76.4,73.6,87.6,29.9,8,29.91,0,79.5,72.4,1486,0,0,246,247,76.3,point,,,,,,,,,,
9/7/2021 22:23,76.4,73.6,87.6,29.9,6,29.91,0,79.5,72.4,1481,0,0,247,247,76.3,point,,,,,,,,,,
9/7/2021 22:24,76.4,73.6,87.6,29.9,6,29.91,0,79.5,72.4,1486,0,0,247,247,76.3,point,,,,,,,,,,
9/7/2021 22:24,76.4,73.6,87.6,29.9,8,29.91,0,79.5,72.4,1486,0,0,247,247,76.3,point,,,,,,,,,,
9/7/2021 22:25,76.4,73.6,87.7,29.9,8,29.91,0,79.5,72.5,1489,0,0,247,247,76.3,point,,,,,,,,,,
9/7/2021 22:25,76.3,73.6,87.7,29.9,8,29.91,0,79.5,72.4,1481,0,0,246,247,76.3,point,,,,,,,,,,
9/7/2021 22:26,76.5,73.8,87.7,29.9,6,29.91,0,79.9,72.6,1494,0,0,247,247,76.5,point,,,,,,,,,,
9/7/2021 22:26,76.4,73.6,87.8,29.9,6,29.91,0,79.5,72.6,1489,0,0,247,248,76.3,point,,,,,,,,,,
9/7/2021 22:27,76.4,73.6,87.9,29.9,6,29.91,0,79.5,72.5,1481,0,0,247,247,76.3,point,,,,,,,,,,
9/7/2021 22:27,76.4,73.6,87.9,29.9,8,29.91,0,79.5,72.5,1481,0,0,247,247,76.3,point,,,,,,,,,,
9/7/2021 22:28,76.3,73.6,88,29.9,6,29.91,0,79.5,72.5,1479,0,0,247,247,76.3,point,,,,,,,,,,
9/7/2021 22:28,76.4,73.6,88.1,29.9,11,29.9,0,79.5,72.6,1486,0,0,246,247,76.3,point,,,,,,,,,,
9/7/2021 22:29,76.2,73.6,88.1,29.9,8,29.91,0,79.3,72.4,1474,0,0,247,247,76.1,point,,,,,,,,,,
9/7/2021 22:29,76.2,73.6,88.1,29.9,8,29.91,0,79.3,72.4,1474,0,0,246,247,76.1,point,,,,,,,,,,
9/7/2021 22:30,76.2,73.6,88.1,29.9,8,29.9,0,79.3,72.4,1476,0,0,246,247,76.1,point,,,,,,,,,,
9/7/2021 22:30,76.2,73.6,88.1,29.9,8,29.91,0,79.3,72.4,1474,0,0,246,247,76.1,point,,,,,,,,,,
9/7/2021 22:31,76.2,73.6,88.1,29.9,6,29.91,0,79.3,72.4,1471,0,0,247,248,76.1,point,,,,,,,,,,
9/7/2021 22:31,76.4,73.8,88.1,29.9,6,29.91,0,79.5,72.6,1486,0,0,246,247,76.3,point,,,,,,,,,,
9/7/2021 22:32,76.4,73.6,88.1,29.9,8,29.9,0,79.5,72.6,1486,0,0,247,247,76.3,point,,,,,,,,,,
9/7/2021 22:32,76.3,73.6,88.1,29.9,6,29.91,0,79.5,72.5,1474,0,0,246,246,76.3,point,,,,,,,,,,
9/7/2021 22:33,76.4,73.6,88.1,29.9,8,29.91,0,79.5,72.6,1481,0,0,246,247,76.3,point,,,,,,,,,,
9/7/2021 22:33,76.3,73.6,88.1,29.9,6,29.91,0,79.5,72.6,1481,0,0,247,248,76.3,point,,,,,,,,,,
9/7/2021 22:34,76.5,73.8,88.2,29.9,8,29.91,0,79.9,72.7,1494,0,0,247,247,76.5,point,,,,,,,,,,
9/7/2021 22:34,76.6,73.9,88.2,29.9,11,29.9,0,79.9,72.9,1506,0,0,246,247,76.6,point,,,,,,,,,,
9/7/2021 22:35,76.4,73.8,88.2,29.9,8,29.91,0,79.5,72.7,1489,0,0,246,247,76.3,point,,,,,,,,,,
9/7/2021 22:35,76.6,73.9,88.2,29.9,8,29.9,0,79.9,72.8,1501,0,0,247,247,76.5,point,,,,,,,,,,
9/7/2021 22:36,76.4,73.8,88.3,29.9,8,29.9,0,79.5,72.7,1489,0,0,246,247,76.3,point,,,,,,,,,,
9/7/2021 22:36,76.3,73.8,88.3,29.9,8,29.9,0,79.5,72.6,1484,0,0,247,248,76.3,point,,,,,,,,,,
9/7/2021 22:37,76.3,73.8,88.4,29.9,8,29.9,0,79.5,72.6,1484,0,0,247,247,76.3,point,,,,,,,,,,
9/7/2021 22:37,76.3,73.8,88.5,29.9,8,29.9,0,79.5,72.6,1481,0,0,247,247,76.3,point,,,,,,,,,,
9/7/2021 22:38,76.3,73.8,88.5,29.9,11,29.9,0,79.5,72.6,1486,0,0,246,247,76.3,point,,,,,,,,,,
9/7/2021 22:38,76.2,73.8,88.6,29.9,8,29.91,0,79.3,72.6,1476,0,0,247,247,76.1,point,,,,,,,,,,
9/7/2021 22:39,76.3,73.8,88.7,29.9,8,29.91,0,79.5,72.7,1481,0,0,247,247,76.3,point,,,,,,,,,,
9/7/2021 22:39,76.4,73.9,88.7,29.9,6,29.91,0,79.7,72.8,1486,0,0,247,247,76.3,point,,,,,,,,,,
9/7/2021 22:40,76.4,73.9,88.8,29.9,8,29.9,0,79.7,72.8,1489,0,0,247,248,76.3,point,,,,,,,,,,
9/7/2021 22:40,76.3,73.8,88.9,29.9,8,29.91,0,79.7,72.8,1481,0,0,247,247,76.3,point,,,,,,,,,,
